variant_id,clinvar_clnsig_clean,imaging_score,MislocScore_ecdf_max,old_hit,new_hit_any_batch,status_change
FKBP6_Arg202His,Benign,0.9230236151067731,0.9884259259259259,false,true,Gained hit (Falseâ†’True)
BRCA1_Asp67Tyr,Benign,0.9466625448097439,0.9858757062146891,false,true,Gained hit (Falseâ†’True)
BRCA1_Val275Ile,Benign,0.8464878251590696,0.984375,false,true,Gained hit (Falseâ†’True)
BRCA1_His299Tyr,Benign,0.94376349053143,0.9809027777777778,false,true,Gained hit (Falseâ†’True)
BRCA1_Met548Ile,Benign,0.9367216311519673,0.9809027777777778,false,true,Gained hit (Falseâ†’True)
BRCA1_Gly602Ala,Benign,0.9331927418728441,0.9774305555555557,false,true,Gained hit (Falseâ†’True)
BRCA1_Leu460Pro,Benign,0.8944205542780168,0.9774305555555557,false,true,Gained hit (Falseâ†’True)
BRCA1_Asn132Lys,Benign,0.9307829053002261,0.9774011299435029,false,true,Gained hit (Falseâ†’True)
HGD_Ala48Ser,Benign,0.9037975938546672,0.9745370370370369,false,true,Gained hit (Falseâ†’True)
BRCA1_Pro510Ser,Benign,0.9255389328510607,0.96875,false,true,Gained hit (Falseâ†’True)
SHOC2_Glu13Ala,Benign,0.7529338122345947,0.9675141242937854,false,true,Gained hit (Falseâ†’True)
BRCA1_Phe558Ser,Benign,0.921138759948432,0.9652777777777778,false,true,Gained hit (Falseâ†’True)
BRCA1_Pro533Leu,Benign,0.8863854137895733,0.9635416666666666,false,true,Gained hit (Falseâ†’True)
BRCA1_His239Arg,Benign,0.9307098777089191,0.9618055555555557,false,true,Gained hit (Falseâ†’True)
RAD51D_Arg165Gln,Benign,0.941454789770092,0.9583333333333334,false,true,Gained hit (Falseâ†’True)
LITAF_Ser15Leu,Conflicting,0.9568950328075809,0.9884259259259259,false,true,Gained hit (Falseâ†’True)
RAD51D_Glu307Lys,Conflicting,0.966678823765095,0.9861111111111112,false,true,Gained hit (Falseâ†’True)
SMAD3_Arg385Gly,Conflicting,0.8664284638281047,0.9837962962962962,false,true,Gained hit (Falseâ†’True)
SHOC2_Thr321Ala,Conflicting,0.8254319346421268,0.9788135593220338,false,true,Gained hit (Falseâ†’True)
RAD51D_Val28Leu,Conflicting,0.9482386754306041,0.9722222222222223,false,true,Gained hit (Falseâ†’True)
RAD51D_His23Arg,Conflicting,0.9600191600496464,0.967013888888889,false,true,Gained hit (Falseâ†’True)
RAD51D_Gly289Ser,Conflicting,0.9073515213457051,0.9635416666666666,false,true,Gained hit (Falseâ†’True)
RAD51D_Ile251Val,Conflicting,0.9590632997487634,0.961864406779661,false,true,Gained hit (Falseâ†’True)
SMAD3_Met212Ile,Conflicting,0.7994633783524653,0.9606481481481483,false,true,Gained hit (Falseâ†’True)
TPM1_Glu54Lys,Conflicting,0.7075348491622582,0.9513888888888888,false,true,Gained hit (Falseâ†’True)
FKBP6_Phe72Leu,Others,0.883130586113485,0.9722222222222222,false,true,Gained hit (Falseâ†’True)
BRCA1_Glu631Lys,Others,0.8107547087002973,0.967013888888889,false,true,Gained hit (Falseâ†’True)
GFAP_Met74Thr,Others,0.9310215308981165,0.9629629629629628,false,true,Gained hit (Falseâ†’True)
SMAD3_Asn197Ile,Others,0.8814406531795396,0.9629629629629628,false,true,Gained hit (Falseâ†’True)
GFAP_Glu371Val,Others,0.9397740864126181,0.9583333333333334,false,true,Gained hit (Falseâ†’True)
KRAS_Ile36Met,Pathogenic,0.9671496544810259,0.9965277777777778,false,true,Gained hit (Falseâ†’True)
BRAF_Gly596Val,Pathogenic,0.9640163514966194,0.9895833333333334,false,true,Gained hit (Falseâ†’True)
BRAF_Val471Phe,Pathogenic,0.9376961788259118,0.984375,false,true,Gained hit (Falseâ†’True)
BRCA1_Cys64Tyr,Pathogenic,0.9216057756517617,0.984375,false,true,Gained hit (Falseâ†’True)
KRAS_Gly12Val,Pathogenic,0.9286603455569333,0.982638888888889,false,true,Gained hit (Falseâ†’True)
CTH_Gln240Glu,Pathogenic,0.8909445046662243,0.9814814814814814,false,true,Gained hit (Falseâ†’True)
APOA1_Leu84Arg,Pathogenic,0.8883243494097697,0.9791666666666666,false,true,Gained hit (Falseâ†’True)
LMNA_Arg41His,Pathogenic,0.9597628989385087,0.9739583333333334,false,true,Gained hit (Falseâ†’True)
FANCC_Leu554Pro,Pathogenic,0.9565693594900087,0.9739583333333334,false,true,Gained hit (Falseâ†’True)
BRCA1_His41Arg,Pathogenic,0.8173318024149027,0.9704861111111113,false,true,Gained hit (Falseâ†’True)
BRCA1_Cys61Gly,Pathogenic,0.9155231473258633,0.9689265536723163,false,true,Gained hit (Falseâ†’True)
BRCA1_Arg71Lys,Pathogenic,0.8934069339044575,0.96875,false,true,Gained hit (Falseâ†’True)
BRCA1_Val632Ala,Pathogenic,0.8980824348190553,0.967013888888889,false,true,Gained hit (Falseâ†’True)
BRCA1_Arg71Gly,Pathogenic,0.8927028275142521,0.9652777777777778,false,true,Gained hit (Falseâ†’True)
KRAS_Gly12Asp,Pathogenic,0.9022625223211441,0.9652777777777778,false,true,Gained hit (Falseâ†’True)
BRCA1_Ser611Arg,Pathogenic,0.9149496741107959,0.9652777777777778,false,true,Gained hit (Falseâ†’True)
BRCA1_Thr581Ile,Pathogenic,0.9204106286039557,0.963276836158192,false,true,Gained hit (Falseâ†’True)
GSS_Arg125Cys,Pathogenic,0.6525611267777769,0.9601851851851854,false,true,Gained hit (Falseâ†’True)
COMP_His441Arg,Pathogenic,0.8588640206761572,0.9597222222222223,false,true,Gained hit (Falseâ†’True)
BRCA1_Cys39Arg,Pathogenic,0.9158358702816362,0.9583333333333334,false,true,Gained hit (Falseâ†’True)
GFAP_Arg376Trp,Pathogenic,0.885658024507102,0.9583333333333334,false,true,Gained hit (Falseâ†’True)
PNKP_Glu326Lys,Pathogenic,0.8237217410085003,0.9583333333333334,false,true,Gained hit (Falseâ†’True)
BRCA1_Met671Lys,Pathogenic,0.9222555081071995,0.9576271186440678,false,true,Gained hit (Falseâ†’True)
G6PD_Ile48Thr,Pathogenic,0.8952939636245199,0.9548611111111112,false,true,Gained hit (Falseâ†’True)
MVK_Pro288Leu,VUS,0.7220744269166806,0.9722222222222223,false,true,Gained hit (Falseâ†’True)
RET_Pro64Leu,VUS,0.8939775569343538,0.9717514124293786,false,true,Gained hit (Falseâ†’True)
SOS2_Val869Ile,Benign,0.9969818817387566,0.9392361111111112,true,false,Lost hit (Trueâ†’False)
BRCA1_Ala102Gly,Benign,0.96762211183058,0.9011299435028248,true,false,Lost hit (Trueâ†’False)
KRT8_Gly434Ser,Benign,0.984474808237969,0.7930555555555556,true,false,Lost hit (Trueâ†’False)
KRT8_Ile63Val,Benign,0.9783998070655313,0.777482269503546,true,false,Lost hit (Trueâ†’False)
KRT8_Tyr54His,Benign,0.9682829129139544,0.7703900709219859,true,false,Lost hit (Trueâ†’False)
PNPO_Arg116Gln,Benign,0.9710034194677796,0.6657801418439716,true,false,Lost hit (Trueâ†’False)
RAD51D_Ala231Ser,Conflicting,0.9603551768092998,0.9479166666666666,true,false,Lost hit (Trueâ†’False)
RAD51D_Val132Ile,Conflicting,0.9644506533336035,0.9444444444444445,true,false,Lost hit (Trueâ†’False)
RAD51D_Ile17Val,Conflicting,0.9610567221812101,0.9375,true,false,Lost hit (Trueâ†’False)
SMAD3_Gly272Arg,Conflicting,0.9045623845750843,0.8912529550827424,true,false,Lost hit (Trueâ†’False)
SMAD3_Trp94Leu,Conflicting,0.9818302328931098,0.8297872340425533,true,false,Lost hit (Trueâ†’False)
DES_Arg355Pro,Conflicting,0.9579270633901052,0.7384751773049646,true,false,Lost hit (Trueâ†’False)
TAT_Arg119Trp,Conflicting,0.9954642547850734,0.7092198581560284,true,false,Lost hit (Trueâ†’False)
GFAP_Leu235Pro,Others,0.9571874533327311,0.949074074074074,true,false,Lost hit (Trueâ†’False)
GFAP_Glu371Gly,Others,0.9583637544441004,0.9467592592592592,true,false,Lost hit (Trueâ†’False)
SFTPA2_Gly231Val,Others,0.9703547138212358,0.9074074074074074,true,false,Lost hit (Trueâ†’False)
PLP1_Gly74Arg,Others,0.9955991361707426,0.8617021276595743,true,false,Lost hit (Trueâ†’False)
HPRT1_Phe74Leu,Others,0.9818263673190959,0.8156028368794326,true,false,Lost hit (Trueâ†’False)
TTPA_Gly246Arg,Others,0.9640450058712045,0.7916666666666666,true,false,Lost hit (Trueâ†’False)
AIPL1_Met79Thr,Others,0.9951109615911732,0.7402482269503546,true,false,Lost hit (Trueâ†’False)
TAT_Leu273Pro,Others,0.9950318264535324,0.7127659574468085,true,false,Lost hit (Trueâ†’False)
ZC4H2_Leu66His,Pathogenic,0.9826473080152025,0.9479166666666666,true,false,Lost hit (Trueâ†’False)
MLH1_Ala681Thr,Pathogenic,0.9261053624986593,0.9444444444444443,true,false,Lost hit (Trueâ†’False)
RHO_Asp190Gly,Pathogenic,0.9994664453824342,0.9427083333333334,true,false,Lost hit (Trueâ†’False)
SHOC2_Ser2Gly,Pathogenic,0.9773965719506201,0.940677966101695,true,false,Lost hit (Trueâ†’False)
NR0B1_Arg267Pro,Pathogenic,0.9922741080847921,0.9398148148148149,true,false,Lost hit (Trueâ†’False)
APOA1_Val180Glu,Pathogenic,0.8950631442809841,0.9375,true,false,Lost hit (Trueâ†’False)
SMAD3_Glu239Lys,Pathogenic,0.9725882534468295,0.9361702127659575,true,false,Lost hit (Trueâ†’False)
F9_Pro333Leu,Pathogenic,0.980555392385528,0.9340277777777778,true,false,Lost hit (Trueâ†’False)
F9_Ile316Thr,Pathogenic,0.9755046492227055,0.9288194444444445,true,false,Lost hit (Trueâ†’False)
F9_Cys28Arg,Pathogenic,0.9826925969627043,0.921875,true,false,Lost hit (Trueâ†’False)
FH_Asn340Lys,Pathogenic,0.9732595992994735,0.903954802259887,true,false,Lost hit (Trueâ†’False)
F9_Arg294Gln,Pathogenic,0.9651010367523498,0.9011299435028248,true,false,Lost hit (Trueâ†’False)
ZC4H2_Arg18Lys,Pathogenic,0.9715631601664603,0.9010416666666666,true,false,Lost hit (Trueâ†’False)
LITAF_Pro135Thr,Pathogenic,0.9606993000231892,0.9004629629629629,true,false,Lost hit (Trueâ†’False)
NR0B1_Tyr380Asp,Pathogenic,0.9807262852395322,0.8912529550827424,true,false,Lost hit (Trueâ†’False)
NR0B1_Asn440Ile,Pathogenic,0.9915143882979344,0.8888888888888888,true,false,Lost hit (Trueâ†’False)
NR0B1_Arg425Ile,Pathogenic,0.9939530863208957,0.8699763593380615,true,false,Lost hit (Trueâ†’False)
PLP1_Trp128Arg,Pathogenic,0.9873355817381881,0.8679078014184398,true,false,Lost hit (Trueâ†’False)
SFTPC_Ile73Thr,Pathogenic,0.9943134585180533,0.8670212765957447,true,false,Lost hit (Trueâ†’False)
SFTPC_Leu188Gln,Pathogenic,0.963824736663176,0.8430851063829787,true,false,Lost hit (Trueâ†’False)
MVK_Leu41Pro,Pathogenic,0.9818402662023813,0.8430851063829786,true,false,Lost hit (Trueâ†’False)
LITAF_Leu122Val,Pathogenic,0.9750583519701682,0.8310185185185185,true,false,Lost hit (Trueâ†’False)
BRCA1_Glu455Lys,Pathogenic,0.9896363091621161,0.8262711864406779,true,false,Lost hit (Trueâ†’False)
LITAF_Trp116Gly,Pathogenic,0.9774856017474156,0.8125,true,false,Lost hit (Trueâ†’False)
DCX_Ser129Leu,Pathogenic,0.9931698630065948,0.8058510638297872,true,false,Lost hit (Trueâ†’False)
PLP1_Thr147Pro,Pathogenic,0.9938863333624692,0.7833333333333333,true,false,Lost hit (Trueâ†’False)
SFTPA2_Phe198Ser,Pathogenic,0.9570387878480949,0.7754137115839245,true,false,Lost hit (Trueâ†’False)
FBP1_Phe194Ser,Pathogenic,0.9847667942580087,0.7686170212765958,true,false,Lost hit (Trueâ†’False)
DCX_Arg102Cys,Pathogenic,0.9484874004127322,0.7641843971631205,true,false,Lost hit (Trueâ†’False)
DCX_Arg59His,Pathogenic,0.9477848995506538,0.7641843971631205,true,false,Lost hit (Trueâ†’False)
FBP1_Gly164Ser,Pathogenic,0.9434509975577228,0.7625000000000001,true,false,Lost hit (Trueâ†’False)
PMP22_Leu16Pro,Pathogenic,0.9784471868408433,0.7597517730496454,true,false,Lost hit (Trueâ†’False)
PLP1_Cys193Tyr,Pathogenic,0.9938140234682006,0.7597517730496453,true,false,Lost hit (Trueâ†’False)
DCX_Pro191Arg,Pathogenic,0.9580262018695235,0.7570921985815602,true,false,Lost hit (Trueâ†’False)
PLP1_Gly186Cys,Pathogenic,0.9777190131926232,0.7562056737588652,true,false,Lost hit (Trueâ†’False)
AGXT_Gly116Arg,Pathogenic,0.942550530818997,0.74822695035461,true,false,Lost hit (Trueâ†’False)
FBP1_Gly260Arg,Pathogenic,0.9626792320908715,0.7444444444444445,true,false,Lost hit (Trueâ†’False)
PLP1_Ile152Thr,Pathogenic,0.9813099170509103,0.6819444444444445,true,false,Lost hit (Trueâ†’False)
PLP1_Asp168His,Pathogenic,0.9448758087181757,0.6777777777777777,true,false,Lost hit (Trueâ†’False)
MVK_Leu255Pro,Pathogenic,0.9650009080014299,0.6498226950354611,true,false,Lost hit (Trueâ†’False)
PNPO_Arg95His,Pathogenic,0.9810371103440406,0.6471631205673759,true,false,Lost hit (Trueâ†’False)
PLP1_Thr43Ile,Pathogenic,0.9933166285275125,0.6427304964539008,true,false,Lost hit (Trueâ†’False)
PNPO_Arg95Cys,Pathogenic,0.964093416326257,0.6303191489361702,true,false,Lost hit (Trueâ†’False)
SMAD3_Met255Arg,VUS,0.9533084192632325,0.9408983451536642,true,false,Lost hit (Trueâ†’False)
LITAF_Ser118Pro,VUS,0.9783252925740662,0.9351851851851851,true,false,Lost hit (Trueâ†’False)
SMAD3_Val410Phe,VUS,0.9489115644323498,0.9219858156028368,true,false,Lost hit (Trueâ†’False)
LITAF_Pro84Leu,VUS,0.9784719836353027,0.91725768321513,true,false,Lost hit (Trueâ†’False)
LITAF_Pro135Arg,VUS,0.9714699062421215,0.9143518518518517,true,false,Lost hit (Trueâ†’False)
SMAD3_Cys109Tyr,VUS,0.9949838937682689,0.9027777777777777,true,false,Lost hit (Trueâ†’False)
LITAF_Phe136Leu,VUS,0.9638642141224323,0.888888888888889,true,false,Lost hit (Trueâ†’False)
LITAF_Pro135Ser,VUS,0.96252376547225,0.8557919621749409,true,false,Lost hit (Trueâ†’False)
RP2_Leu253Arg,VUS,0.9956635671766937,0.8527777777777779,true,false,Lost hit (Trueâ†’False)
COMP_Asp319Val,VUS,0.9576350051606817,0.8319444444444445,true,false,Lost hit (Trueâ†’False)
RP2_Cys86Tyr,VUS,0.9928507162801851,0.8055555555555557,true,false,Lost hit (Trueâ†’False)
LITAF_Val144Met,VUS,0.9773348794870528,0.7990543735224586,true,false,Lost hit (Trueâ†’False)
PMP22_Leu80Pro,VUS,0.9982376194909792,0.7801418439716311,true,false,Lost hit (Trueâ†’False)
PMP22_Cys109Arg,VUS,0.9995149051029968,0.7588652482269503,true,false,Lost hit (Trueâ†’False)
PLP1_Leu189Pro,VUS,0.9905946972345462,0.6746453900709221,true,false,Lost hit (Trueâ†’False)
