variant_id,symbol,aa_change,clinvar_clnsig_clean,clinvar_clnsig_clean_pp_strict,imaging_score,imaging_hit,Batch,AUROC_Mean_Channel,MislocScore_ecdf_mean,hit_multichannel_95,hit_misloc_mean_95,old_imaging_hit,new_misloc_hit,status_change
BRCA1_Asn132Lys,BRCA1,Asn132Lys,Benign,Benign,0.9307829053002261,false,2025_01_28_Batch_14,0.9288695583076917,0.951388888888889,true,true,false,true,Gained hit (Falseâ†’True)
BRCA1_Val275Ile,BRCA1,Val275Ile,Benign,Benign,0.8464878251590696,false,2025_01_28_Batch_14,0.9707580671427172,0.984375,true,true,false,true,Gained hit (Falseâ†’True)
BRCA1_Pro533Leu,BRCA1,Pro533Leu,Benign,Benign,0.8863854137895733,false,2025_01_28_Batch_14,0.9445233302716732,0.9635416666666666,true,true,false,true,Gained hit (Falseâ†’True)
BRCA1_Met548Ile,BRCA1,Met548Ile,Benign,Benign,0.9367216311519673,false,2025_01_28_Batch_14,0.963618485908525,0.9809027777777778,true,true,false,true,Gained hit (Falseâ†’True)
BRCA1_His299Tyr,BRCA1,His299Tyr,Benign,Benign,0.94376349053143,false,2025_01_28_Batch_14,0.9608399145932065,0.9809027777777778,true,true,false,true,Gained hit (Falseâ†’True)
BRCA1_Gly602Ala,BRCA1,Gly602Ala,Benign,Benign,0.9331927418728441,false,2025_01_28_Batch_14,0.9573366500689472,0.9774305555555557,true,true,false,true,Gained hit (Falseâ†’True)
BRCA1_Leu460Pro,BRCA1,Leu460Pro,Benign,Benign,0.8944205542780168,false,2025_01_28_Batch_14,0.9509376457639367,0.9774305555555557,true,true,false,true,Gained hit (Falseâ†’True)
BRCA1_Phe558Ser,BRCA1,Phe558Ser,Benign,Benign,0.921138759948432,false,2025_01_28_Batch_14,0.9453747004918546,0.9652777777777778,true,true,false,true,Gained hit (Falseâ†’True)
BRCA1_His239Arg,BRCA1,His239Arg,Benign,Benign,0.9307098777089191,false,2025_01_28_Batch_14,0.94048971983882,0.9618055555555557,true,true,false,true,Gained hit (Falseâ†’True)
BRCA1_Pro510Ser,BRCA1,Pro510Ser,Benign,Benign,0.9255389328510607,false,2025_01_28_Batch_14,0.9490804825011655,0.96875,true,true,false,true,Gained hit (Falseâ†’True)
BRCA1_Asn132Lys,BRCA1,Asn132Lys,Benign,Benign,0.9307829053002261,false,2025_01_27_Batch_13,0.9631752695002662,0.9774011299435029,true,true,false,true,Gained hit (Falseâ†’True)
BRCA1_Phe558Ser,BRCA1,Phe558Ser,Benign,Benign,0.921138759948432,false,2025_01_27_Batch_13,0.9341458834754702,0.9562146892655367,true,true,false,true,Gained hit (Falseâ†’True)
BRCA1_His239Arg,BRCA1,His239Arg,Benign,Benign,0.9307098777089191,false,2025_01_27_Batch_13,0.9356295420064562,0.9562146892655367,true,true,false,true,Gained hit (Falseâ†’True)
BRCA1_Met548Ile,BRCA1,Met548Ile,Benign,Benign,0.9367216311519673,false,2025_01_27_Batch_13,0.9398197987695666,0.9618644067796609,true,true,false,true,Gained hit (Falseâ†’True)
FKBP6_Arg202His,FKBP6,Arg202His,Benign,Benign,0.9230236151067731,false,2025_03_17_Batch_16,0.9461476307503792,0.9884259259259259,true,true,false,true,Gained hit (Falseâ†’True)
SHOC2_Glu13Ala,SHOC2,Glu13Ala,Benign,Likely benign,0.7529338122345947,false,2025_01_27_Batch_13,0.9508725937552601,0.9675141242937854,true,true,false,true,Gained hit (Falseâ†’True)
BRCA1_Asp67Tyr,BRCA1,Asp67Tyr,Benign,Benign,0.9466625448097439,false,2025_01_27_Batch_13,0.972313723349553,0.9858757062146891,true,true,false,true,Gained hit (Falseâ†’True)
BRCA1_Asp67Tyr,BRCA1,Asp67Tyr,Benign,Benign,0.9466625448097439,false,2025_01_28_Batch_14,0.9174375066410434,0.9548611111111112,true,true,false,true,Gained hit (Falseâ†’True)
RAD51D_Arg165Gln,RAD51D,Arg165Gln,Benign,Benign,0.941454789770092,false,2025_01_28_Batch_14,0.9166162140523127,0.9583333333333334,true,true,false,true,Gained hit (Falseâ†’True)
HGD_Ala48Ser,HGD,Ala48Ser,Benign,Likely benign,0.9037975938546672,false,2025_03_17_Batch_16,0.9303047820284509,0.9745370370370369,true,true,false,true,Gained hit (Falseâ†’True)
BRCA1_His299Tyr,BRCA1,His299Tyr,Benign,Benign,0.94376349053143,false,2025_01_27_Batch_13,0.949057117904605,0.9689265536723163,true,true,false,true,Gained hit (Falseâ†’True)
TPM1_Glu54Lys,TPM1,Glu54Lys,Conflicting,Conflicting,0.7075348491622582,false,2025_03_17_Batch_16,0.8558351252900555,0.9513888888888888,true,true,false,true,Gained hit (Falseâ†’True)
RAD51D_Glu307Lys,RAD51D,Glu307Lys,Conflicting,Conflicting,0.966678823765095,false,2025_01_27_Batch_13,0.955441112194896,0.9731638418079096,true,true,false,true,Gained hit (Falseâ†’True)
SMAD3_Arg385Gly,SMAD3,Arg385Gly,Conflicting,Conflicting,0.8664284638281047,false,2025_03_17_Batch_16,0.926973419529872,0.9837962962962962,true,true,false,true,Gained hit (Falseâ†’True)
RAD51D_Ile251Val,RAD51D,Ile251Val,Conflicting,Conflicting,0.9590632997487634,false,2025_01_28_Batch_14,0.9140574782808008,0.953125,false,true,false,true,Gained hit (Falseâ†’True)
SHOC2_Thr321Ala,SHOC2,Thr321Ala,Conflicting,Conflicting,0.8254319346421268,false,2025_01_27_Batch_13,0.9734222206677524,0.9788135593220338,true,true,false,true,Gained hit (Falseâ†’True)
RAD51D_Glu307Lys,RAD51D,Glu307Lys,Conflicting,Conflicting,0.966678823765095,false,2025_01_28_Batch_14,0.9609934848018638,0.9861111111111112,true,true,false,true,Gained hit (Falseâ†’True)
SMAD3_Met212Ile,SMAD3,Met212Ile,Conflicting,Conflicting,0.7994633783524653,false,2025_03_17_Batch_16,0.8745848299154257,0.9606481481481483,false,true,false,true,Gained hit (Falseâ†’True)
RAD51D_His23Arg,RAD51D,His23Arg,Conflicting,Conflicting,0.9600191600496464,false,2025_01_28_Batch_14,0.922171855003039,0.967013888888889,true,true,false,true,Gained hit (Falseâ†’True)
LITAF_Ser15Leu,LITAF,Ser15Leu,Conflicting,Conflicting,0.9568950328075809,false,2025_03_17_Batch_16,0.9388869936341427,0.9884259259259259,true,true,false,true,Gained hit (Falseâ†’True)
RAD51D_Ile251Val,RAD51D,Ile251Val,Conflicting,Conflicting,0.9590632997487634,false,2025_01_27_Batch_13,0.9391833666595873,0.961864406779661,true,true,false,true,Gained hit (Falseâ†’True)
RAD51D_Gly289Ser,RAD51D,Gly289Ser,Conflicting,Conflicting,0.9073515213457051,false,2025_01_28_Batch_14,0.9371026974590856,0.9635416666666666,true,true,false,true,Gained hit (Falseâ†’True)
RAD51D_Val28Leu,RAD51D,Val28Leu,Conflicting,Conflicting,0.9482386754306041,false,2025_01_28_Batch_14,0.9383059723406357,0.9722222222222223,true,true,false,true,Gained hit (Falseâ†’True)
GFAP_Met74Thr,GFAP,Met74Thr,Others,Others,0.9310215308981165,false,2025_03_17_Batch_16,0.8857802429506944,0.9629629629629628,true,true,false,true,Gained hit (Falseâ†’True)
BRCA1_Glu631Lys,BRCA1,Glu631Lys,Others,Others,0.8107547087002973,false,2025_01_28_Batch_14,0.9466277834508235,0.967013888888889,true,true,false,true,Gained hit (Falseâ†’True)
GFAP_Glu371Val,GFAP,Glu371Val,Others,Others,0.9397740864126181,false,2025_03_17_Batch_16,0.8765504761225401,0.9583333333333334,true,true,false,true,Gained hit (Falseâ†’True)
FKBP6_Phe72Leu,FKBP6,Phe72Leu,Others,Others,0.883130586113485,false,2025_03_17_Batch_16,0.9101289486455738,0.9722222222222222,true,true,false,true,Gained hit (Falseâ†’True)
SMAD3_Asn197Ile,SMAD3,Asn197Ile,Others,Others,0.8814406531795396,false,2025_03_17_Batch_16,0.8773314333909088,0.9629629629629628,true,true,false,true,Gained hit (Falseâ†’True)
BRCA1_Thr581Ile,BRCA1,Thr581Ile,Pathogenic,Pathogenic,0.9204106286039557,false,2025_01_28_Batch_14,0.9483363904607597,0.9600694444444445,true,true,false,true,Gained hit (Falseâ†’True)
BRCA1_Thr581Ile,BRCA1,Thr581Ile,Pathogenic,Pathogenic,0.9204106286039557,false,2025_01_27_Batch_13,0.9329374325269607,0.963276836158192,true,true,false,true,Gained hit (Falseâ†’True)
COMP_His441Arg,COMP,His441Arg,Pathogenic,Pathogenic,0.8588640206761572,false,2024_02_06_Batch_8,0.9682050530818941,0.9597222222222223,false,true,false,true,Gained hit (Falseâ†’True)
BRCA1_Cys64Tyr,BRCA1,Cys64Tyr,Pathogenic,Pathogenic,0.9216057756517617,false,2025_01_28_Batch_14,0.9663165412493157,0.984375,true,true,false,true,Gained hit (Falseâ†’True)
BRAF_Gly596Val,BRAF,Gly596Val,Pathogenic,Pathogenic,0.9640163514966194,false,2025_01_28_Batch_14,0.9746313625483073,0.9895833333333334,true,true,false,true,Gained hit (Falseâ†’True)
KRAS_Ile36Met,KRAS,Ile36Met,Pathogenic,Likely pathogenic,0.9671496544810259,false,2025_01_28_Batch_14,0.9871470973401951,0.9965277777777778,true,true,false,true,Gained hit (Falseâ†’True)
KRAS_Gly12Val,KRAS,Gly12Val,Pathogenic,Pathogenic,0.9286603455569333,false,2025_01_28_Batch_14,0.9591672192813094,0.982638888888889,true,true,false,true,Gained hit (Falseâ†’True)
FANCC_Leu554Pro,FANCC,Leu554Pro,Pathogenic,Likely pathogenic,0.9565693594900087,false,2025_01_28_Batch_14,0.9476136012787365,0.9739583333333334,true,true,false,true,Gained hit (Falseâ†’True)
LMNA_Arg41His,LMNA,Arg41His,Pathogenic,Pathogenic,0.9597628989385087,false,2025_01_28_Batch_14,0.946891558184611,0.9739583333333334,true,true,false,true,Gained hit (Falseâ†’True)
BRCA1_His41Arg,BRCA1,His41Arg,Pathogenic,Pathogenic,0.8173318024149027,false,2025_01_28_Batch_14,0.9541266507562273,0.9704861111111113,true,true,false,true,Gained hit (Falseâ†’True)
PNKP_Glu326Lys,PNKP,Glu326Lys,Pathogenic,Pathogenic,0.8237217410085003,false,2025_03_17_Batch_16,0.8729184874239732,0.9583333333333334,true,true,false,true,Gained hit (Falseâ†’True)
BRCA1_Ser611Arg,BRCA1,Ser611Arg,Pathogenic,Likely pathogenic,0.9149496741107959,false,2025_01_27_Batch_13,0.935549049427895,0.9576271186440678,true,true,false,true,Gained hit (Falseâ†’True)
BRCA1_Met671Lys,BRCA1,Met671Lys,Pathogenic,Pathogenic,0.9222555081071995,false,2025_01_27_Batch_13,0.9309656984894406,0.9576271186440678,true,true,false,true,Gained hit (Falseâ†’True)
BRAF_Val471Phe,BRAF,Val471Phe,Pathogenic,Likely pathogenic,0.9376961788259118,false,2025_01_27_Batch_13,0.9406611660967368,0.9590395480225989,true,true,false,true,Gained hit (Falseâ†’True)
GFAP_Arg376Trp,GFAP,Arg376Trp,Pathogenic,Pathogenic,0.885658024507102,false,2025_03_17_Batch_16,0.8773537112933436,0.9583333333333334,true,true,false,true,Gained hit (Falseâ†’True)
BRCA1_Val632Ala,BRCA1,Val632Ala,Pathogenic,Pathogenic,0.8980824348190553,false,2025_01_28_Batch_14,0.9435189572687626,0.967013888888889,true,true,false,true,Gained hit (Falseâ†’True)
APOA1_Leu84Arg,APOA1,Leu84Arg,Pathogenic,Pathogenic,0.8883243494097697,false,2025_03_17_Batch_16,0.9376036710345009,0.9791666666666666,true,true,false,true,Gained hit (Falseâ†’True)
CTH_Gln240Glu,CTH,Gln240Glu,Pathogenic,Pathogenic,0.8909445046662243,false,2025_03_17_Batch_16,0.9200939257769659,0.9814814814814814,true,true,false,true,Gained hit (Falseâ†’True)
BRCA1_Cys61Gly,BRCA1,Cys61Gly,Pathogenic,Pathogenic,0.9155231473258633,false,2025_01_27_Batch_13,0.9468280474556231,0.9689265536723163,true,true,false,true,Gained hit (Falseâ†’True)
G6PD_Ile48Thr,G6PD,Ile48Thr,Pathogenic,Likely pathogenic,0.8952939636245199,false,2025_01_28_Batch_14,0.9307364979359848,0.9548611111111112,true,true,false,true,Gained hit (Falseâ†’True)
BRCA1_Cys39Arg,BRCA1,Cys39Arg,Pathogenic,Pathogenic,0.9158358702816362,false,2025_01_28_Batch_14,0.9342455035404448,0.9583333333333334,true,true,false,true,Gained hit (Falseâ†’True)
BRAF_Gly596Val,BRAF,Gly596Val,Pathogenic,Pathogenic,0.9640163514966194,false,2025_01_27_Batch_13,0.9473052713386805,0.9703389830508474,true,true,false,true,Gained hit (Falseâ†’True)
GSS_Arg125Cys,GSS,Arg125Cys,Pathogenic,Likely pathogenic,0.6525611267777769,false,2024_12_09_Batch_11,0.8188316360158415,0.9601851851851854,true,true,false,true,Gained hit (Falseâ†’True)
BRAF_Val471Phe,BRAF,Val471Phe,Pathogenic,Likely pathogenic,0.9376961788259118,false,2025_01_28_Batch_14,0.972532167511066,0.984375,true,true,false,true,Gained hit (Falseâ†’True)
BRCA1_Arg71Lys,BRCA1,Arg71Lys,Pathogenic,Pathogenic,0.8934069339044575,false,2025_01_28_Batch_14,0.948000994013731,0.96875,true,true,false,true,Gained hit (Falseâ†’True)
KRAS_Gly12Asp,KRAS,Gly12Asp,Pathogenic,Likely pathogenic,0.9022625223211441,false,2025_01_28_Batch_14,0.9363421574162376,0.9652777777777778,true,true,false,true,Gained hit (Falseâ†’True)
BRCA1_Arg71Gly,BRCA1,Arg71Gly,Pathogenic,Pathogenic,0.8927028275142521,false,2025_01_28_Batch_14,0.9482512761309008,0.9652777777777778,true,true,false,true,Gained hit (Falseâ†’True)
BRCA1_Ser611Arg,BRCA1,Ser611Arg,Pathogenic,Likely pathogenic,0.9149496741107959,false,2025_01_28_Batch_14,0.9468965775656448,0.9652777777777778,true,true,false,true,Gained hit (Falseâ†’True)
MVK_Pro288Leu,MVK,Pro288Leu,VUS,VUS,0.7220744269166806,false,2024_12_09_Batch_11,0.8429728831676856,0.9722222222222223,true,true,false,true,Gained hit (Falseâ†’True)
RET_Pro64Leu,RET,Pro64Leu,VUS,VUS,0.8939775569343538,false,2025_01_27_Batch_13,0.9523323653250974,0.9717514124293786,true,true,false,true,Gained hit (Falseâ†’True)
KRT8_Tyr54His,KRT8,Tyr54His,Benign,Benign,0.9682829129139544,true,2024_01_23_Batch_7,0.8276437386268679,0.7703900709219859,false,false,true,false,Lost hit (Trueâ†’False)
KRT8_Ile63Val,KRT8,Ile63Val,Benign,Likely benign,0.9783998070655313,true,2024_02_06_Batch_8,0.7318678819899267,0.725,false,false,true,false,Lost hit (Trueâ†’False)
SOS2_Val869Ile,SOS2,Val869Ile,Benign,Likely benign,0.9969818817387566,true,2025_01_27_Batch_13,0.7813489587039223,0.7796610169491526,false,false,true,false,Lost hit (Trueâ†’False)
BRCA1_Ala102Gly,BRCA1,Ala102Gly,Benign,Benign,0.96762211183058,true,2025_01_27_Batch_13,0.870532582532852,0.9011299435028248,false,false,true,false,Lost hit (Trueâ†’False)
KRT8_Gly434Ser,KRT8,Gly434Ser,Benign,Benign,0.984474808237969,true,2024_02_06_Batch_8,0.8098868101497082,0.7930555555555556,false,false,true,false,Lost hit (Trueâ†’False)
KRT8_Ile63Val,KRT8,Ile63Val,Benign,Likely benign,0.9783998070655313,true,2024_01_23_Batch_7,0.8421337064588535,0.777482269503546,false,false,true,false,Lost hit (Trueâ†’False)
BRCA1_Ala102Gly,BRCA1,Ala102Gly,Benign,Benign,0.96762211183058,true,2025_01_28_Batch_14,0.7828806418545605,0.8125,false,false,true,false,Lost hit (Trueâ†’False)
PNPO_Arg116Gln,PNPO,Arg116Gln,Benign,Likely benign,0.9710034194677796,true,2024_02_06_Batch_8,0.6289811603567362,0.55,false,false,true,false,Lost hit (Trueâ†’False)
SOS2_Val869Ile,SOS2,Val869Ile,Benign,Likely benign,0.9969818817387566,true,2025_01_28_Batch_14,0.8904643390961854,0.9392361111111112,false,false,true,false,Lost hit (Trueâ†’False)
KRT8_Gly434Ser,KRT8,Gly434Ser,Benign,Benign,0.984474808237969,true,2024_01_23_Batch_7,0.8229818855987224,0.7659574468085105,false,false,true,false,Lost hit (Trueâ†’False)
PNPO_Arg116Gln,PNPO,Arg116Gln,Benign,Likely benign,0.9710034194677796,true,2024_01_23_Batch_7,0.7269476685991267,0.6657801418439716,false,false,true,false,Lost hit (Trueâ†’False)
KRT8_Tyr54His,KRT8,Tyr54His,Benign,Benign,0.9682829129139544,true,2024_02_06_Batch_8,0.735790003629179,0.736111111111111,false,false,true,false,Lost hit (Trueâ†’False)
MLH1_Lys751Arg,MLH1,Lys751Arg,Benign,Likely benign,0.8870597660440533,true,2024_12_09_Batch_12,0.8262287889140233,0.9408014571948998,false,false,true,false,Lost hit (Trueâ†’False)
RAD51D_Ile17Val,RAD51D,Ile17Val,Conflicting,Conflicting,0.9610567221812101,true,2025_01_27_Batch_13,0.858217916505529,0.8714689265536723,false,false,true,false,Lost hit (Trueâ†’False)
MLH1_Gly147Arg,MLH1,Gly147Arg,Conflicting,Conflicting,0.9849672915642513,true,2024_12_09_Batch_12,0.8522865370599332,0.9453551912568307,false,false,true,false,Lost hit (Trueâ†’False)
SMAD3_Gly272Arg,SMAD3,Gly272Arg,Conflicting,Conflicting,0.9045623845750843,true,2025_03_17_Batch_15,0.8694798863000655,0.8912529550827424,false,false,true,false,Lost hit (Trueâ†’False)
TAT_Arg119Trp,TAT,Arg119Trp,Conflicting,Conflicting,0.9954642547850734,true,2024_01_23_Batch_7,0.7694120433211538,0.7092198581560284,false,false,true,false,Lost hit (Trueâ†’False)
SMAD3_Gly272Arg,SMAD3,Gly272Arg,Conflicting,Conflicting,0.9045623845750843,true,2025_03_17_Batch_16,0.7318801631447664,0.8217592592592592,false,false,true,false,Lost hit (Trueâ†’False)
DES_Arg355Pro,DES,Arg355Pro,Conflicting,Conflicting,0.9579270633901052,true,2024_01_23_Batch_7,0.7920559530041165,0.7384751773049646,false,false,true,false,Lost hit (Trueâ†’False)
RAD51D_Ala231Ser,RAD51D,Ala231Ser,Conflicting,Conflicting,0.9603551768092998,true,2025_01_27_Batch_13,0.6776890967570931,0.5677966101694915,false,false,true,false,Lost hit (Trueâ†’False)
TAT_Arg119Trp,TAT,Arg119Trp,Conflicting,Conflicting,0.9954642547850734,true,2024_02_06_Batch_8,0.7006941540814898,0.6652777777777777,false,false,true,false,Lost hit (Trueâ†’False)
SMAD3_Trp94Leu,SMAD3,Trp94Leu,Conflicting,Conflicting,0.9818302328931098,true,2025_03_17_Batch_16,0.748752600532704,0.7777777777777777,false,false,true,false,Lost hit (Trueâ†’False)
RAD51D_Thr328Ile,RAD51D,Thr328Ile,Conflicting,Conflicting,0.973124490067996,true,2025_01_27_Batch_13,0.8277614171940494,0.8545197740112994,false,false,true,false,Lost hit (Trueâ†’False)
RAD51D_Ala231Ser,RAD51D,Ala231Ser,Conflicting,Conflicting,0.9603551768092998,true,2025_01_28_Batch_14,0.900992432238794,0.9479166666666666,false,false,true,false,Lost hit (Trueâ†’False)
RAD51D_Val132Ile,RAD51D,Val132Ile,Conflicting,Conflicting,0.9644506533336035,true,2025_01_28_Batch_14,0.9038002352697793,0.9444444444444445,false,false,true,false,Lost hit (Trueâ†’False)
RAD51D_Asn138His,RAD51D,Asn138His,Conflicting,Conflicting,0.9755801464748463,true,2025_01_27_Batch_13,0.8523002553274942,0.8884180790960451,false,false,true,false,Lost hit (Trueâ†’False)
SMAD3_Trp94Leu,SMAD3,Trp94Leu,Conflicting,Conflicting,0.9818302328931098,true,2025_03_17_Batch_15,0.8011374565500535,0.8297872340425533,false,false,true,false,Lost hit (Trueâ†’False)
RAD51D_Ile17Val,RAD51D,Ile17Val,Conflicting,Conflicting,0.9610567221812101,true,2025_01_28_Batch_14,0.8924032777624645,0.9375,false,false,true,false,Lost hit (Trueâ†’False)
RET_Arg330Gln,RET,Arg330Gln,Conflicting,Conflicting,0.9587752559225962,true,2025_01_28_Batch_14,0.8699361181746389,0.918402777777778,false,false,true,false,Lost hit (Trueâ†’False)
DES_Arg355Pro,DES,Arg355Pro,Conflicting,Conflicting,0.9579270633901052,true,2024_02_06_Batch_8,0.619291392053544,0.5388888888888889,false,false,true,false,Lost hit (Trueâ†’False)
RAD51D_Val132Ile,RAD51D,Val132Ile,Conflicting,Conflicting,0.9644506533336035,true,2025_01_27_Batch_13,0.8929962121391388,0.9166666666666666,false,false,true,false,Lost hit (Trueâ†’False)
TTPA_Gly246Arg,TTPA,Gly246Arg,Others,Others,0.9640450058712045,true,2024_02_06_Batch_8,0.8034168666848321,0.7916666666666666,false,false,true,false,Lost hit (Trueâ†’False)
TAT_Leu273Pro,TAT,Leu273Pro,Others,Others,0.9950318264535324,true,2024_02_06_Batch_8,0.7001292868014923,0.6652777777777777,false,false,true,false,Lost hit (Trueâ†’False)
GFAP_Lys279Glu,GFAP,Lys279Glu,Others,Others,0.955495449245892,true,2025_03_17_Batch_15,0.8068832991052579,0.8416075650118203,false,false,true,false,Lost hit (Trueâ†’False)
SFTPA2_Gly231Val,SFTPA2,Gly231Val,Others,Others,0.9703547138212358,true,2025_03_17_Batch_15,0.8677273412805655,0.888888888888889,false,false,true,false,Lost hit (Trueâ†’False)
GFAP_Arg239Pro,GFAP,Arg239Pro,Others,Others,0.9530695689492827,true,2025_03_17_Batch_15,0.822329393166236,0.8439716312056738,false,false,true,false,Lost hit (Trueâ†’False)
FOXP3_Leu242Pro,FOXP3,Leu242Pro,Others,Others,0.9499047156707164,true,2025_03_17_Batch_15,0.9027411796966432,0.9314420803782507,true,false,true,false,Lost hit (Trueâ†’False)
GFAP_Leu235Pro,GFAP,Leu235Pro,Others,Others,0.9571874533327311,true,2025_03_17_Batch_16,0.877755626637656,0.949074074074074,true,false,true,false,Lost hit (Trueâ†’False)
CDKN1A_Asp149Gly,CDKN1A,Asp149Gly,Others,Others,0.9700123841453094,true,2025_03_17_Batch_15,0.823920402350149,0.8581560283687942,false,false,true,false,Lost hit (Trueâ†’False)
GFAP_Leu90Pro,GFAP,Leu90Pro,Others,Others,0.9624347704590737,true,2025_03_17_Batch_15,0.837248521901078,0.8699763593380614,false,false,true,false,Lost hit (Trueâ†’False)
GFAP_Glu371Gly,GFAP,Glu371Gly,Others,Others,0.9583637544441004,true,2025_03_17_Batch_16,0.8669005482988997,0.9467592592592592,true,false,true,false,Lost hit (Trueâ†’False)
AIPL1_Met79Thr,AIPL1,Met79Thr,Others,Others,0.9951109615911732,true,2024_02_06_Batch_8,0.7076575372391791,0.6722222222222224,false,false,true,false,Lost hit (Trueâ†’False)
TTPA_Gly246Arg,TTPA,Gly246Arg,Others,Others,0.9640450058712045,true,2024_01_23_Batch_7,0.8353605962914329,0.7721631205673759,false,false,true,false,Lost hit (Trueâ†’False)
HPRT1_Phe74Leu,HPRT1,Phe74Leu,Others,Others,0.9818263673190959,true,2024_01_23_Batch_7,0.8866323904866982,0.8156028368794326,false,false,true,false,Lost hit (Trueâ†’False)
SFTPA2_Gly231Val,SFTPA2,Gly231Val,Others,Others,0.9703547138212358,true,2025_03_17_Batch_16,0.8198754085428982,0.9074074074074074,false,false,true,false,Lost hit (Trueâ†’False)
HPRT1_Phe74Leu,HPRT1,Phe74Leu,Others,Others,0.9818263673190959,true,2024_02_06_Batch_8,0.7042891238077829,0.6833333333333335,false,false,true,false,Lost hit (Trueâ†’False)
GFAP_Tyr366Cys,GFAP,Tyr366Cys,Others,Others,0.9537371982344839,true,2025_03_17_Batch_15,0.917828190265478,0.9290780141843973,true,false,true,false,Lost hit (Trueâ†’False)
GFAP_Leu235Pro,GFAP,Leu235Pro,Others,Others,0.9571874533327311,true,2025_03_17_Batch_15,0.8370527695738227,0.8652482269503547,false,false,true,false,Lost hit (Trueâ†’False)
GFAP_Lys236Thr,GFAP,Lys236Thr,Others,Others,0.9734065701383479,true,2025_03_17_Batch_15,0.8895297685792994,0.9125295508274233,false,false,true,false,Lost hit (Trueâ†’False)
GFAP_Glu371Gly,GFAP,Glu371Gly,Others,Others,0.9583637544441004,true,2025_03_17_Batch_15,0.8646971302213445,0.8936170212765958,false,false,true,false,Lost hit (Trueâ†’False)
AIPL1_Met79Thr,AIPL1,Met79Thr,Others,Others,0.9951109615911732,true,2024_01_23_Batch_7,0.7925226178751327,0.7402482269503546,false,false,true,false,Lost hit (Trueâ†’False)
PLP1_Gly74Arg,PLP1,Gly74Arg,Others,Others,0.9955991361707426,true,2024_01_23_Batch_7,0.9215720871928177,0.8617021276595743,false,false,true,false,Lost hit (Trueâ†’False)
TAT_Leu273Pro,TAT,Leu273Pro,Others,Others,0.9950318264535324,true,2024_01_23_Batch_7,0.7833150906773075,0.7127659574468085,false,false,true,false,Lost hit (Trueâ†’False)
PLP1_Ile152Thr,PLP1,Ile152Thr,Pathogenic,Likely pathogenic,0.9813099170509103,true,2024_02_06_Batch_8,0.7131973054259387,0.6819444444444445,false,false,true,false,Lost hit (Trueâ†’False)
NR0B1_Asn440Ile,NR0B1,Asn440Ile,Pathogenic,Pathogenic,0.9915143882979344,true,2025_03_17_Batch_15,0.8620266075922745,0.8888888888888888,false,false,true,false,Lost hit (Trueâ†’False)
F9_Cys28Arg,F9,Cys28Arg,Pathogenic,Pathogenic,0.9826925969627043,true,2025_01_27_Batch_13,0.7825263324124934,0.7796610169491526,false,false,true,false,Lost hit (Trueâ†’False)
BRCA1_Glu455Lys,BRCA1,Glu455Lys,Pathogenic,Pathogenic,0.9896363091621161,true,2025_01_27_Batch_13,0.8054815979101049,0.8262711864406779,false,false,true,false,Lost hit (Trueâ†’False)
ZC4H2_Leu66His,ZC4H2,Leu66His,Pathogenic,Pathogenic,0.9826473080152025,true,2025_01_27_Batch_13,0.8442639168969931,0.8545197740112994,false,false,true,false,Lost hit (Trueâ†’False)
ZC4H2_Arg18Lys,ZC4H2,Arg18Lys,Pathogenic,Pathogenic,0.9715631601664603,true,2025_01_27_Batch_13,0.8454313876961536,0.8742937853107344,false,false,true,false,Lost hit (Trueâ†’False)
F9_Arg294Gln,F9,Arg294Gln,Pathogenic,Pathogenic,0.9651010367523498,true,2025_01_27_Batch_13,0.8749399928449288,0.9011299435028248,false,false,true,false,Lost hit (Trueâ†’False)
FH_Asn340Lys,FH,Asn340Lys,Pathogenic,Likely pathogenic,0.9732595992994735,true,2025_01_27_Batch_13,0.8753513142087813,0.903954802259887,false,false,true,false,Lost hit (Trueâ†’False)
RHO_Asp190Gly,RHO,Asp190Gly,Pathogenic,Likely pathogenic,0.9994664453824342,true,2025_01_27_Batch_13,0.8848674655849437,0.9152542372881355,false,false,true,false,Lost hit (Trueâ†’False)
RHO_Pro267Thr,RHO,Pro267Thr,Pathogenic,Pathogenic,0.9965851391198347,true,2025_01_27_Batch_13,0.9023532526523935,0.9364406779661016,false,false,true,false,Lost hit (Trueâ†’False)
SDHD_His102Leu,SDHD,His102Leu,Pathogenic,Pathogenic,0.9645863304668809,true,2025_01_27_Batch_13,0.903027411928503,0.9364406779661016,true,false,true,false,Lost hit (Trueâ†’False)
SHOC2_Ser2Gly,SHOC2,Ser2Gly,Pathogenic,Pathogenic,0.9773965719506201,true,2025_01_27_Batch_13,0.9115670172701792,0.940677966101695,true,false,true,false,Lost hit (Trueâ†’False)
MLH1_Ala681Thr,MLH1,Ala681Thr,Pathogenic,Pathogenic,0.9261053624986593,true,2024_12_09_Batch_12,0.7200852960961569,0.8142076502732242,false,false,true,false,Lost hit (Trueâ†’False)
NR0B1_Tyr380Asp,NR0B1,Tyr380Asp,Pathogenic,Pathogenic,0.9807262852395322,true,2025_03_17_Batch_16,0.6124851828878394,0.3958333333333333,false,false,true,false,Lost hit (Trueâ†’False)
MLH1_Ala681Thr,MLH1,Ala681Thr,Pathogenic,Pathogenic,0.9261053624986593,true,2024_12_09_Batch_11,0.7931469074442942,0.9444444444444443,false,false,true,false,Lost hit (Trueâ†’False)
PLP1_Thr43Ile,PLP1,Thr43Ile,Pathogenic,Likely pathogenic,0.9933166285275125,true,2024_02_06_Batch_8,0.6190896642835164,0.525,false,false,true,false,Lost hit (Trueâ†’False)
PNPO_Arg95Cys,PNPO,Arg95Cys,Pathogenic,Likely pathogenic,0.964093416326257,true,2024_02_06_Batch_8,0.6370176673485367,0.5583333333333333,false,false,true,false,Lost hit (Trueâ†’False)
MVK_Leu255Pro,MVK,Leu255Pro,Pathogenic,Pathogenic,0.9650009080014299,true,2024_02_06_Batch_8,0.6505075130138671,0.5805555555555556,false,false,true,false,Lost hit (Trueâ†’False)
DCX_Arg59His,DCX,Arg59His,Pathogenic,Likely pathogenic,0.9477848995506538,true,2024_02_06_Batch_8,0.6579310542982294,0.5930555555555556,false,false,true,false,Lost hit (Trueâ†’False)
DCX_Pro191Arg,DCX,Pro191Arg,Pathogenic,Pathogenic,0.9580262018695235,true,2024_02_06_Batch_8,0.6634159148442327,0.611111111111111,false,false,true,false,Lost hit (Trueâ†’False)
PNPO_Arg95His,PNPO,Arg95His,Pathogenic,Likely pathogenic,0.9810371103440406,true,2024_02_06_Batch_8,0.6724040583652506,0.6291666666666668,false,false,true,false,Lost hit (Trueâ†’False)
SFTPC_Leu188Gln,SFTPC,Leu188Gln,Pathogenic,Pathogenic,0.963824736663176,true,2024_02_06_Batch_8,0.6717604398375251,0.6375000000000001,false,false,true,false,Lost hit (Trueâ†’False)
PLP1_Asp168His,PLP1,Asp168His,Pathogenic,Pathogenic,0.9448758087181757,true,2024_02_06_Batch_8,0.7021849656653969,0.6777777777777777,false,false,true,false,Lost hit (Trueâ†’False)
SFTPA2_Phe198Ser,SFTPA2,Phe198Ser,Pathogenic,Pathogenic,0.9570387878480949,true,2025_03_17_Batch_16,0.6044797239668854,0.40509259259259256,false,false,true,false,Lost hit (Trueâ†’False)
PLP1_Trp128Arg,PLP1,Trp128Arg,Pathogenic,Likely pathogenic,0.9873355817381881,true,2024_01_23_Batch_7,0.9107128711569401,0.8679078014184398,false,false,true,false,Lost hit (Trueâ†’False)
NR0B1_Arg425Ile,NR0B1,Arg425Ile,Pathogenic,Pathogenic,0.9939530863208957,true,2025_03_17_Batch_16,0.6960315391633318,0.6018518518518517,false,false,true,false,Lost hit (Trueâ†’False)
AGXT_Gly116Arg,AGXT,Gly116Arg,Pathogenic,Likely pathogenic,0.942550530818997,true,2024_02_06_Batch_8,0.724428955929414,0.7222222222222223,false,false,true,false,Lost hit (Trueâ†’False)
FBP1_Phe194Ser,FBP1,Phe194Ser,Pathogenic,Pathogenic,0.9847667942580087,true,2024_02_06_Batch_8,0.7458393217461584,0.7347222222222222,false,false,true,false,Lost hit (Trueâ†’False)
PLP1_Gly186Cys,PLP1,Gly186Cys,Pathogenic,Pathogenic,0.9777190131926232,true,2024_02_06_Batch_8,0.7565730262786813,0.7361111111111112,false,false,true,false,Lost hit (Trueâ†’False)
FBP1_Gly260Arg,FBP1,Gly260Arg,Pathogenic,Likely pathogenic,0.9626792320908715,true,2024_02_06_Batch_8,0.7442891140106985,0.7444444444444445,false,false,true,false,Lost hit (Trueâ†’False)
ZC4H2_Leu66His,ZC4H2,Leu66His,Pathogenic,Pathogenic,0.9826473080152025,true,2025_01_28_Batch_14,0.9070598324364537,0.9479166666666666,false,false,true,false,Lost hit (Trueâ†’False)
PMP22_Leu16Pro,PMP22,Leu16Pro,Pathogenic,Pathogenic,0.9784471868408433,true,2024_02_06_Batch_8,0.7668064590133117,0.75,false,false,true,false,Lost hit (Trueâ†’False)
RHO_Cys110Tyr,RHO,Cys110Tyr,Pathogenic,Pathogenic,0.9995678588724056,true,2025_01_28_Batch_14,0.9150718683045801,0.9427083333333334,true,false,true,false,Lost hit (Trueâ†’False)
RHO_Asp190Gly,RHO,Asp190Gly,Pathogenic,Likely pathogenic,0.9994664453824342,true,2025_01_28_Batch_14,0.8999450581196956,0.9427083333333334,false,false,true,false,Lost hit (Trueâ†’False)
DCX_Arg102Cys,DCX,Arg102Cys,Pathogenic,Pathogenic,0.9484874004127322,true,2024_02_06_Batch_8,0.7664073636083305,0.7597222222222223,false,false,true,false,Lost hit (Trueâ†’False)
FBP1_Gly164Ser,FBP1,Gly164Ser,Pathogenic,Likely pathogenic,0.9434509975577228,true,2024_02_06_Batch_8,0.7666596027922687,0.7625000000000001,false,false,true,false,Lost hit (Trueâ†’False)
F9_Pro333Leu,F9,Pro333Leu,Pathogenic,Pathogenic,0.980555392385528,true,2025_01_28_Batch_14,0.8890362492599841,0.9340277777777778,false,false,true,false,Lost hit (Trueâ†’False)
F9_Ile316Thr,F9,Ile316Thr,Pathogenic,Likely pathogenic,0.9755046492227055,true,2025_01_28_Batch_14,0.8826437536144388,0.9288194444444445,false,false,true,false,Lost hit (Trueâ†’False)
F9_Cys28Arg,F9,Cys28Arg,Pathogenic,Pathogenic,0.9826925969627043,true,2025_01_28_Batch_14,0.8715936434929205,0.921875,false,false,true,false,Lost hit (Trueâ†’False)
PLP1_Trp128Arg,PLP1,Trp128Arg,Pathogenic,Likely pathogenic,0.9873355817381881,true,2024_02_06_Batch_8,0.7798768412383886,0.7680555555555556,false,false,true,false,Lost hit (Trueâ†’False)
ZC4H2_Arg18Lys,ZC4H2,Arg18Lys,Pathogenic,Pathogenic,0.9715631601664603,true,2025_01_28_Batch_14,0.855179092509073,0.9010416666666666,false,false,true,false,Lost hit (Trueâ†’False)
F9_Arg294Gln,F9,Arg294Gln,Pathogenic,Pathogenic,0.9651010367523498,true,2025_01_28_Batch_14,0.8130327146387694,0.857638888888889,false,false,true,false,Lost hit (Trueâ†’False)
PLP1_Thr147Pro,PLP1,Thr147Pro,Pathogenic,Pathogenic,0.9938863333624692,true,2024_02_06_Batch_8,0.7966927859964108,0.7833333333333333,false,false,true,false,Lost hit (Trueâ†’False)
BRCA1_Glu455Lys,BRCA1,Glu455Lys,Pathogenic,Pathogenic,0.9896363091621161,true,2025_01_28_Batch_14,0.7585975416752221,0.7673611111111112,false,false,true,false,Lost hit (Trueâ†’False)
SMAD3_Glu239Lys,SMAD3,Glu239Lys,Pathogenic,Likely pathogenic,0.9725882534468295,true,2025_03_17_Batch_16,0.7249657471127423,0.736111111111111,false,false,true,false,Lost hit (Trueâ†’False)
SMAD3_Glu239Lys,SMAD3,Glu239Lys,Pathogenic,Likely pathogenic,0.9725882534468295,true,2025_03_17_Batch_15,0.910853319246713,0.9361702127659575,false,false,true,false,Lost hit (Trueâ†’False)
DCX_Ser129Leu,DCX,Ser129Leu,Pathogenic,Pathogenic,0.9931698630065948,true,2024_02_06_Batch_8,0.8022989155585322,0.7847222222222223,false,false,true,false,Lost hit (Trueâ†’False)
SFTPC_Leu188Gln,SFTPC,Leu188Gln,Pathogenic,Pathogenic,0.963824736663176,true,2024_01_23_Batch_7,0.9177150254605597,0.8430851063829787,false,false,true,false,Lost hit (Trueâ†’False)
GFAP_Arg88Cys,GFAP,Arg88Cys,Pathogenic,Pathogenic,0.9769282847084899,true,2025_03_17_Batch_15,0.9014010770505098,0.9219858156028368,true,false,true,false,Lost hit (Trueâ†’False)
LITAF_Trp116Gly,LITAF,Trp116Gly,Pathogenic,Pathogenic,0.9774856017474156,true,2025_03_17_Batch_16,0.7614982377652967,0.8125,false,false,true,false,Lost hit (Trueâ†’False)
MVK_Leu41Pro,MVK,Leu41Pro,Pathogenic,Pathogenic,0.9818402662023813,true,2024_01_23_Batch_7,0.9205506885293838,0.8430851063829786,false,false,true,false,Lost hit (Trueâ†’False)
SFTPC_Ile73Thr,SFTPC,Ile73Thr,Pathogenic,Pathogenic,0.9943134585180533,true,2024_02_06_Batch_8,0.8287464702485723,0.8055555555555557,false,false,true,false,Lost hit (Trueâ†’False)
LITAF_Leu122Val,LITAF,Leu122Val,Pathogenic,Pathogenic,0.9750583519701682,true,2025_03_17_Batch_16,0.7913450366476805,0.8310185185185185,false,false,true,false,Lost hit (Trueâ†’False)
NR0B1_Asn440Ile,NR0B1,Asn440Ile,Pathogenic,Pathogenic,0.9915143882979344,true,2025_03_17_Batch_16,0.779250171473643,0.8425925925925926,false,false,true,false,Lost hit (Trueâ†’False)
GFAP_Arg239Leu,GFAP,Arg239Leu,Pathogenic,Pathogenic,0.953343595920209,true,2025_03_17_Batch_15,0.8684364948426149,0.8959810874704491,false,false,true,false,Lost hit (Trueâ†’False)
LITAF_Pro135Thr,LITAF,Pro135Thr,Pathogenic,Pathogenic,0.9606993000231892,true,2025_03_17_Batch_16,0.8052841294512953,0.9004629629629629,false,false,true,false,Lost hit (Trueâ†’False)
DCX_Ser129Leu,DCX,Ser129Leu,Pathogenic,Pathogenic,0.9931698630065948,true,2024_01_23_Batch_7,0.8786079948247147,0.8058510638297872,false,false,true,false,Lost hit (Trueâ†’False)
NR0B1_Tyr380Asp,NR0B1,Tyr380Asp,Pathogenic,Pathogenic,0.9807262852395322,true,2025_03_17_Batch_15,0.8685919847333928,0.8912529550827424,false,false,true,false,Lost hit (Trueâ†’False)
MVK_Leu41Pro,MVK,Leu41Pro,Pathogenic,Pathogenic,0.9818402662023813,true,2024_02_06_Batch_8,0.8654704248336299,0.8430555555555556,false,false,true,false,Lost hit (Trueâ†’False)
APOA1_Val180Glu,APOA1,Val180Glu,Pathogenic,Pathogenic,0.8950631442809841,true,2025_03_17_Batch_16,0.8460340203303277,0.9375,false,false,true,false,Lost hit (Trueâ†’False)
SFTPC_Ile73Thr,SFTPC,Ile73Thr,Pathogenic,Pathogenic,0.9943134585180533,true,2024_01_23_Batch_7,0.9222505219899775,0.8670212765957447,false,false,true,false,Lost hit (Trueâ†’False)
NR0B1_Arg267Pro,NR0B1,Arg267Pro,Pathogenic,Likely pathogenic,0.9922741080847921,true,2025_03_17_Batch_16,0.8535367334119507,0.9398148148148149,false,false,true,false,Lost hit (Trueâ†’False)
GFAP_Leu352Pro,GFAP,Leu352Pro,Pathogenic,Pathogenic,0.9672158472381454,true,2025_03_17_Batch_15,0.8539168324145218,0.8770685579196217,false,false,true,false,Lost hit (Trueâ†’False)
GFAP_Asn77Ser,GFAP,Asn77Ser,Pathogenic,Pathogenic,0.968504917875106,true,2025_03_17_Batch_15,0.8548991081199325,0.8770685579196217,false,false,true,false,Lost hit (Trueâ†’False)
LITAF_Pro135Thr,LITAF,Pro135Thr,Pathogenic,Pathogenic,0.9606993000231892,true,2025_03_17_Batch_15,0.8431094856910076,0.8770685579196217,false,false,true,false,Lost hit (Trueâ†’False)
NR0B1_Arg425Ile,NR0B1,Arg425Ile,Pathogenic,Pathogenic,0.9939530863208957,true,2025_03_17_Batch_15,0.8329826653185378,0.8699763593380615,false,false,true,false,Lost hit (Trueâ†’False)
FBP1_Phe194Ser,FBP1,Phe194Ser,Pathogenic,Pathogenic,0.9847667942580087,true,2024_01_23_Batch_7,0.8287643860963533,0.7686170212765958,false,false,true,false,Lost hit (Trueâ†’False)
PLP1_Asp168His,PLP1,Asp168His,Pathogenic,Pathogenic,0.9448758087181757,true,2024_01_23_Batch_7,0.6144640692818478,0.5319148936170214,false,false,true,false,Lost hit (Trueâ†’False)
PNPO_Arg95Cys,PNPO,Arg95Cys,Pathogenic,Likely pathogenic,0.964093416326257,true,2024_01_23_Batch_7,0.6982773695175687,0.6303191489361702,false,false,true,false,Lost hit (Trueâ†’False)
DCX_Arg102Cys,DCX,Arg102Cys,Pathogenic,Pathogenic,0.9484874004127322,true,2024_01_23_Batch_7,0.8221753363693006,0.7641843971631205,false,false,true,false,Lost hit (Trueâ†’False)
PLP1_Ile152Thr,PLP1,Ile152Thr,Pathogenic,Likely pathogenic,0.9813099170509103,true,2024_01_23_Batch_7,0.7099480597129387,0.6418439716312058,false,false,true,false,Lost hit (Trueâ†’False)
PLP1_Thr43Ile,PLP1,Thr43Ile,Pathogenic,Likely pathogenic,0.9933166285275125,true,2024_01_23_Batch_7,0.7069965980126983,0.6427304964539008,false,false,true,false,Lost hit (Trueâ†’False)
DCX_Arg59His,DCX,Arg59His,Pathogenic,Likely pathogenic,0.9477848995506538,true,2024_01_23_Batch_7,0.8214063228249814,0.7641843971631205,false,false,true,false,Lost hit (Trueâ†’False)
GFAP_Arg79Cys,GFAP,Arg79Cys,Pathogenic,Pathogenic,0.9557873089766051,true,2025_03_17_Batch_15,0.8178236489816637,0.8321513002364066,false,false,true,false,Lost hit (Trueâ†’False)
PLP1_Thr147Pro,PLP1,Thr147Pro,Pathogenic,Pathogenic,0.9938863333624692,true,2024_01_23_Batch_7,0.7144726120707174,0.6445035460992908,false,false,true,false,Lost hit (Trueâ†’False)
PMP22_Leu16Pro,PMP22,Leu16Pro,Pathogenic,Pathogenic,0.9784471868408433,true,2024_01_23_Batch_7,0.8211691400133309,0.7597517730496454,false,false,true,false,Lost hit (Trueâ†’False)
LITAF_Trp116Gly,LITAF,Trp116Gly,Pathogenic,Pathogenic,0.9774856017474156,true,2025_03_17_Batch_15,0.7664364571661698,0.7801418439716312,false,false,true,false,Lost hit (Trueâ†’False)
SFTPA2_Phe198Ser,SFTPA2,Phe198Ser,Pathogenic,Pathogenic,0.9570387878480949,true,2025_03_17_Batch_15,0.7564602245757227,0.7754137115839245,false,false,true,false,Lost hit (Trueâ†’False)
LITAF_Leu122Val,LITAF,Leu122Val,Pathogenic,Pathogenic,0.9750583519701682,true,2025_03_17_Batch_15,0.7784440603727472,0.7659574468085105,false,false,true,false,Lost hit (Trueâ†’False)
NR0B1_Arg267Pro,NR0B1,Arg267Pro,Pathogenic,Likely pathogenic,0.9922741080847921,true,2025_03_17_Batch_15,0.7285981672753162,0.6784869976359339,false,false,true,false,Lost hit (Trueâ†’False)
PLP1_Cys193Tyr,PLP1,Cys193Tyr,Pathogenic,Likely pathogenic,0.9938140234682006,true,2024_01_23_Batch_7,0.8132693617479196,0.7597517730496453,false,false,true,false,Lost hit (Trueâ†’False)
PNPO_Arg95His,PNPO,Arg95His,Pathogenic,Likely pathogenic,0.9810371103440406,true,2024_01_23_Batch_7,0.7128103691534807,0.6471631205673759,false,false,true,false,Lost hit (Trueâ†’False)
MVK_Leu255Pro,MVK,Leu255Pro,Pathogenic,Pathogenic,0.9650009080014299,true,2024_01_23_Batch_7,0.7160177767113766,0.6498226950354611,false,false,true,false,Lost hit (Trueâ†’False)
DCX_Pro191Arg,DCX,Pro191Arg,Pathogenic,Pathogenic,0.9580262018695235,true,2024_01_23_Batch_7,0.8139730500466253,0.7570921985815602,false,false,true,false,Lost hit (Trueâ†’False)
AGXT_Gly116Arg,AGXT,Gly116Arg,Pathogenic,Likely pathogenic,0.942550530818997,true,2024_01_23_Batch_7,0.7984844502729244,0.74822695035461,false,false,true,false,Lost hit (Trueâ†’False)
PLP1_Gly186Cys,PLP1,Gly186Cys,Pathogenic,Pathogenic,0.9777190131926232,true,2024_01_23_Batch_7,0.8119642745729578,0.7562056737588652,false,false,true,false,Lost hit (Trueâ†’False)
COMP_Asp319Val,COMP,Asp319Val,VUS,VUS,0.9576350051606817,true,2024_01_23_Batch_7,0.8139710133210988,0.7562056737588652,false,false,true,false,Lost hit (Trueâ†’False)
PLP1_Leu189Pro,PLP1,Leu189Pro,VUS,VUS,0.9905946972345462,true,2024_01_23_Batch_7,0.7421344791562229,0.6746453900709221,false,false,true,false,Lost hit (Trueâ†’False)
PMP22_Cys109Arg,PMP22,Cys109Arg,VUS,VUS,0.9995149051029968,true,2024_01_23_Batch_7,0.8212896163374838,0.7588652482269503,false,false,true,false,Lost hit (Trueâ†’False)
LITAF_Pro135Arg,LITAF,Pro135Arg,VUS,VUS,0.9714699062421215,true,2025_03_17_Batch_15,0.683393037702892,0.5862884160756502,false,false,true,false,Lost hit (Trueâ†’False)
LITAF_Val144Met,LITAF,Val144Met,VUS,VUS,0.9773348794870528,true,2025_03_17_Batch_15,0.7793100468542798,0.7990543735224586,false,false,true,false,Lost hit (Trueâ†’False)
SMAD3_Cys109Tyr,SMAD3,Cys109Tyr,VUS,VUS,0.9949838937682689,true,2025_03_17_Batch_15,0.8164465543311833,0.839243498817967,false,false,true,false,Lost hit (Trueâ†’False)
LITAF_Pro135Ser,LITAF,Pro135Ser,VUS,VUS,0.96252376547225,true,2025_03_17_Batch_15,0.8337044344542357,0.8557919621749409,false,false,true,false,Lost hit (Trueâ†’False)
RP2_Leu253Arg,RP2,Leu253Arg,VUS,VUS,0.9956635671766937,true,2024_02_06_Batch_8,0.8706022504277869,0.8527777777777779,false,false,true,false,Lost hit (Trueâ†’False)
RP2_Cys86Tyr,RP2,Cys86Tyr,VUS,VUS,0.9928507162801851,true,2024_01_23_Batch_7,0.8335370638466711,0.776595744680851,false,false,true,false,Lost hit (Trueâ†’False)
PMP22_Leu80Pro,PMP22,Leu80Pro,VUS,VUS,0.9982376194909792,true,2024_01_23_Batch_7,0.8470716149720694,0.7801418439716311,false,false,true,false,Lost hit (Trueâ†’False)
RP2_Leu253Arg,RP2,Leu253Arg,VUS,VUS,0.9956635671766937,true,2024_01_23_Batch_7,0.8506402883149057,0.7872340425531914,false,false,true,false,Lost hit (Trueâ†’False)
GFAP_Arg79Ser,GFAP,Arg79Ser,VUS,VUS,0.9736318874711618,true,2025_03_17_Batch_15,0.8576736245766119,0.8817966903073285,false,false,true,false,Lost hit (Trueâ†’False)
LITAF_Phe136Leu,LITAF,Phe136Leu,VUS,VUS,0.9638642141224323,true,2025_03_17_Batch_15,0.8643883870885625,0.888888888888889,false,false,true,false,Lost hit (Trueâ†’False)
LITAF_Ser118Pro,LITAF,Ser118Pro,VUS,VUS,0.9783252925740662,true,2025_03_17_Batch_16,0.8526443029889986,0.9351851851851851,true,false,true,false,Lost hit (Trueâ†’False)
SMAD3_Val410Phe,SMAD3,Val410Phe,VUS,VUS,0.9489115644323498,true,2025_03_17_Batch_16,0.8290625143307038,0.9212962962962963,false,false,true,false,Lost hit (Trueâ†’False)
LITAF_Pro135Arg,LITAF,Pro135Arg,VUS,VUS,0.9714699062421215,true,2025_03_17_Batch_16,0.8324496568537638,0.9143518518518517,false,false,true,false,Lost hit (Trueâ†’False)
COMP_Asp319Val,COMP,Asp319Val,VUS,VUS,0.9576350051606817,true,2024_02_06_Batch_8,0.8464463878579687,0.8319444444444445,false,false,true,false,Lost hit (Trueâ†’False)
SMAD3_Cys109Tyr,SMAD3,Cys109Tyr,VUS,VUS,0.9949838937682689,true,2025_03_17_Batch_16,0.8148707074171239,0.9027777777777777,false,false,true,false,Lost hit (Trueâ†’False)
MVK_Ser329Asn,MVK,Ser329Asn,VUS,VUS,0.9982746655753556,true,2024_02_06_Batch_8,0.834894787749496,0.8097222222222222,false,false,true,false,Lost hit (Trueâ†’False)
SMAD3_Met255Arg,SMAD3,Met255Arg,VUS,VUS,0.9533084192632325,true,2025_03_17_Batch_16,0.7919290390306021,0.8819444444444443,false,false,true,false,Lost hit (Trueâ†’False)
SMAD3_Trp232Cys,SMAD3,Trp232Cys,VUS,VUS,0.9820800003897282,true,2025_03_17_Batch_15,0.8787740797545975,0.9078014184397164,false,false,true,false,Lost hit (Trueâ†’False)
LITAF_Ser118Pro,LITAF,Ser118Pro,VUS,VUS,0.9783252925740662,true,2025_03_17_Batch_15,0.8883615718170487,0.9101654846335697,false,false,true,false,Lost hit (Trueâ†’False)
LITAF_Pro84Leu,LITAF,Pro84Leu,VUS,VUS,0.9784719836353027,true,2025_03_17_Batch_16,0.827921297206677,0.8287037037037036,true,false,true,false,Lost hit (Trueâ†’False)
LITAF_Pro84Leu,LITAF,Pro84Leu,VUS,VUS,0.9784719836353027,true,2025_03_17_Batch_15,0.8963058071045111,0.91725768321513,false,false,true,false,Lost hit (Trueâ†’False)
SMAD3_Val410Phe,SMAD3,Val410Phe,VUS,VUS,0.9489115644323498,true,2025_03_17_Batch_15,0.8947107680527092,0.9219858156028368,false,false,true,false,Lost hit (Trueâ†’False)
LITAF_Ala129Val,LITAF,Ala129Val,VUS,VUS,0.934810771519463,true,2025_03_17_Batch_16,0.7346738702395431,0.7870370370370369,false,false,true,false,Lost hit (Trueâ†’False)
LITAF_Pro135Ser,LITAF,Pro135Ser,VUS,VUS,0.96252376547225,true,2025_03_17_Batch_16,0.7628730749684508,0.7824074074074074,false,false,true,false,Lost hit (Trueâ†’False)
RP2_Cys86Tyr,RP2,Cys86Tyr,VUS,VUS,0.9928507162801851,true,2024_02_06_Batch_8,0.829317554637177,0.8055555555555557,false,false,true,false,Lost hit (Trueâ†’False)
SMAD3_Met255Arg,SMAD3,Met255Arg,VUS,VUS,0.9533084192632325,true,2025_03_17_Batch_15,0.9157969660637666,0.9408983451536642,true,false,true,false,Lost hit (Trueâ†’False)
PMP22_Leu80Pro,PMP22,Leu80Pro,VUS,VUS,0.9982376194909792,true,2024_02_06_Batch_8,0.7303826590625816,0.6875,false,false,true,false,Lost hit (Trueâ†’False)
LITAF_Phe136Leu,LITAF,Phe136Leu,VUS,VUS,0.9638642141224323,true,2025_03_17_Batch_16,0.6694186760234456,0.5833333333333333,false,false,true,false,Lost hit (Trueâ†’False)
LITAF_Val144Met,LITAF,Val144Met,VUS,VUS,0.9773348794870528,true,2025_03_17_Batch_16,0.6792937242805716,0.5555555555555555,false,false,true,false,Lost hit (Trueâ†’False)
PMP22_Cys109Arg,PMP22,Cys109Arg,VUS,VUS,0.9995149051029968,true,2024_02_06_Batch_8,0.7123850083000409,0.6777777777777779,false,false,true,false,Lost hit (Trueâ†’False)
MLH1_Cys39Tyr,MLH1,Cys39Tyr,VUS,VUS,0.9895368773434325,true,2024_12_09_Batch_12,0.8605731476648945,0.9471766848816031,false,false,true,false,Lost hit (Trueâ†’False)
