Gene,gene_allele,Metadata_Bio_Batch,Altered_95th_perc_both_batches_GFP,AUROC_Mean_GFP,clinvar_clnsig_clean,seq_result,note
RHO,RHO_Arg135Trp,2025_01_Batch_13-14,TRUE,0.999695064,1_Pathogenic,4,mixture 
PMP22,PMP22_Cys109Arg,2024_01_Batch_7-8,TRUE,0.999597583,4_VUS,1,0
RHO,RHO_Cys110Tyr,2025_01_Batch_13-14,TRUE,0.999550939,1_Pathogenic,2,0
NT5C3A,NT5C3A_Phe31Leu,2025_03_Batch_15-16,TRUE,0.999537469,2_Benign,3,NT5C3A_premature stop aa 87
RHO,RHO_Asp190Gly,2025_01_Batch_13-14,TRUE,0.999454859,1_Pathogenic,2,0
AGXT,AGXT_Asp201Asn,2024_12_Batch_11-12,TRUE,0.969395747,3_Conflicting,4,mixture
MVK,MVK_Ser329Asn,2024_12_Batch_11-12,TRUE,0.998307815,4_VUS,2,0
PMP22,PMP22_Leu80Pro,2024_01_Batch_7-8,TRUE,0.99822855,4_VUS,1,0
BFSP2,BFSP2_Arg287Trp,2025_03_Batch_15-16,TRUE,0.988843294,1_Pathogenic,1,0
BRIP1,BRIP1_Thr266Lys,2025_01_Batch_13-14,TRUE,0.9777893,1_Pathogenic,4,WT SOS2
MLH1,MLH1_Ser44Phe,2024_12_Batch_11-12,TRUE,0.997552596,1_Pathogenic,2,0
SMAD3,SMAD3_Arg373Cys,2025_03_Batch_15-16,TRUE,0.997273707,3_Conflicting,4,DES
MLH1,MLH1_Gly244Asp,2024_12_Batch_11-12,TRUE,0.997250569,1_Pathogenic,4,HPRT1
MLH1,MLH1_Cys39Phe,2024_12_Batch_11-12,TRUE,0.997126034,4_VUS,4,FXN
SOS2,SOS2_Val869Ile,2025_01_Batch_13-14,TRUE,0.996732729,2_Benign,2,
RHO,RHO_Pro267Thr,2025_01_Batch_13-14,TRUE,0.996536515,1_Pathogenic,2,0
LITAF,LITAF_Ile92Val,2025_03_Batch_15-16,TRUE,0.996467569,2_Benign,1,0
SMARCB1,SMARCB1_Arg37His,2025_03_Batch_15-16,TRUE,0.996465236,3_Conflicting,2,0
IL36RN,IL36RN_Leu27Pro,2025_03_Batch_15-16,TRUE,0.996408361,1_Pathogenic,1,0
SMARCB1,SMARCB1_Pro48Leu,2025_03_Batch_15-16,TRUE,0.99637781,4_VUS,2,0
GFAP,GFAP_Asp295Asn,2025_03_Batch_15-16,TRUE,0.996076096,2_Benign,4,NT5C3A
FXN,FXN_Met1Ile,2024_01_Batch_7-8,TRUE,0.996005914,1_Pathogenic,1,0
RP2,RP2_Leu253Arg,2024_01_Batch_7-8,TRUE,0.995490375,4_VUS,2,0
TAT,TAT_Arg119Trp,2024_01_Batch_7-8,TRUE,0.995403859,3_Conflicting,2,0
KRT8,KRT8_Gly55Ala,2024_01_Batch_7-8,TRUE,0.995247562,5_Others,3,KRT8_Gly53Val
IL10,IL10_Gly15Arg,2025_03_Batch_15-16,TRUE,0.995059287,3_Conflicting,1,0
AIPL1,AIPL1_Met79Thr,2024_01_Batch_7-8,TRUE,0.9949991,5_Others,2,0
HPRT1,HPRT1_Leu41Pro,2024_01_Batch_7-8,TRUE,0.994908969,1_Pathogenic,4,MLH1
SMAD3,SMAD3_Cys109Tyr,2025_03_Batch_15-16,TRUE,0.99490554,4_VUS,2,0
TAT,TAT_Leu273Pro,2024_01_Batch_7-8,TRUE,0.994742815,6_No_ClinVar,2,0
SMAD1,SMAD1_Val3Ala,2024_01_Batch_7-8,TRUE,0.994729432,4_VUS,4,IRAK4
COQ8A,COQ8A_His85Gln,2025_03_Batch_15-16,TRUE,0.963394643,2_Benign,5,
SFTPC,SFTPC_Ile73Thr,2024_01_Batch_7-8,TRUE,0.994336041,1_Pathogenic,1,0
BFSP2,BFSP2_Arg339His,2025_03_Batch_15-16,TRUE,0.994083635,6_No_ClinVar,2,0
HPRT1,HPRT1_Arg45Lys,2024_01_Batch_7-8,TRUE,0.994029038,1_Pathogenic,4,MLH1
MLH1,MLH1_Val185Gly,2024_12_Batch_11-12,TRUE,0.993990548,1_Pathogenic,2,0
NR0B1,NR0B1_Arg425Ile,2025_03_Batch_15-16,TRUE,0.993937953,1_Pathogenic,2,0
DCX,DCX_Ser129Leu,2024_01_Batch_7-8,TRUE,0.993551633,1_Pathogenic,2,0
RP2,RP2_Arg118Leu,2024_01_Batch_7-8,TRUE,0.993028833,1_Pathogenic,4,BMP4
MLH1,MLH1_Gln701His,2024_12_Batch_11-12,TRUE,0.992921279,1_Pathogenic,2,0
RP2,RP2_Cys86Tyr,2024_01_Batch_7-8,TRUE,0.992865719,4_VUS,2,0
BRCA1,BRCA1_Glu455Lys,2025_01_Batch_13-14,TRUE,0.98992372,1_Pathogenic,1,0
MVK,MVK_Leu265Pro,2024_12_Batch_11-12,TRUE,0.992100433,5_Others,4,IL2RG
NR0B1,NR0B1_Asn440Ile,2025_03_Batch_15-16,TRUE,0.991303831,1_Pathogenic,2,0
IMPDH1,IMPDH1_Arg154Trp,2025_03_Batch_15-16,TRUE,0.99125461,3_Conflicting,2,0
FH,FH_Leu507Pro,2025_01_Batch_13-14,TRUE,0.991050535,1_Pathogenic,4,mixture
COQ8A,COQ8A_Gly549Ser,2025_03_Batch_15-16,TRUE,0.954127625,4_VUS,4,empty vector 
BRCA1,BRCA1_Arg391Met,2025_01_Batch_13-14,TRUE,0.981693031,1_Pathogenic,3,insertion at position 390
MLH1,MLH1_Cys39Tyr,2024_12_Batch_11-12,TRUE,0.989574217,4_VUS,2,0
RAD51D,RAD51D_Met308Val,2025_01_Batch_13-14,TRUE,0.989016128,3_Conflicting,2,0
NT5C3A,NT5C3A_Gly202Arg,2025_03_Batch_15-16,TRUE,0.988908487,6_No_ClinVar,1,
BRCA1,BRCA1_Met1Thr,2025_01_Batch_13-14,TRUE,0.974752584,1_Pathogenic,1,0
NT5C3A,NT5C3A_Cys108Arg,2025_03_Batch_15-16,TRUE,0.988790082,6_No_ClinVar,1,
GFAP,GFAP_Leu357Pro,2025_03_Batch_15-16,TRUE,0.987942338,1_Pathogenic,4,PLA2G6
BRCA1,BRCA1_Met1Ile,2025_01_Batch_13-14,TRUE,0.987894783,1_Pathogenic,2,0
NT5C3A,NT5C3A_Asp132Val,2025_03_Batch_15-16,TRUE,0.98781685,1_Pathogenic,1,
SMAD3,SMAD3_Leu274Pro,2025_03_Batch_15-16,TRUE,0.987715709,1_Pathogenic,4,empty vector 
PRPS1,PRPS1_Leu129Ile,2025_03_Batch_15-16,TRUE,0.987342057,5_Others,3,insertion at position 128
MSRB3,MSRB3_Cys82Gly,2025_03_Batch_15-16,TRUE,0.987235835,1_Pathogenic,1,0
HPRT1,HPRT1_His204Asp,2024_12_Batch_11-12,TRUE,0.987007997,1_Pathogenic,4,MLH1
MLH1,MLH1_Ile36Asn,2024_12_Batch_11-12,TRUE,0.986100552,4_VUS,2,0
FBP1,FBP1_Phe194Ser,2024_01_Batch_7-8,TRUE,0.985529976,1_Pathogenic,2,0
IL2RG,IL2RG_Ser108Pro,2024_01_Batch_7-8,TRUE,0.985161405,6_No_ClinVar,4,MLH1
MLH1,MLH1_Gly147Arg,2024_12_Batch_11-12,TRUE,0.98507234,3_Conflicting,2,0
IL2RG,IL2RG_Trp237Arg,2024_01_Batch_7-8,TRUE,0.984682144,6_No_ClinVar,4,MVK
KRT8,KRT8_Gly434Ser,2024_01_Batch_7-8,TRUE,0.983885209,2_Benign,1,
TPM3,TPM3_Ala4Val,2025_03_Batch_15-16,TRUE,0.983825666,4_VUS,4,KCTD7
AP2S1,AP2S1_Arg15His,2025_03_Batch_15-16,TRUE,0.983711881,1_Pathogenic,3,AP2S1_Arg15Thr
BRCA1,BRCA1_Ser186Tyr,2025_01_Batch_13-14,TRUE,0.982809849,2_Benign,3,BRCA1_Val275Ile
CTCF,CTCF_Arg567Trp,2025_01_Batch_13-14,TRUE,0.994551742,1_Pathogenic,4,mixture
FH,FH_Arg160Gly,2025_01_Batch_13-14,TRUE,0.997580741,1_Pathogenic,4,mixture
COMP,COMP_Asp319Val,2024_01_Batch_7-8,TRUE,0.957994127,4_VUS,1,0
F9,F9_Cys28Arg,2025_01_Batch_13-14,TRUE,0.982059901,1_Pathogenic,2,0
SMAD3,SMAD3_Trp94Leu,2025_03_Batch_15-16,TRUE,0.98200174,3_Conflicting,2,0
ZC4H2,ZC4H2_Leu66His,2025_01_Batch_13-14,TRUE,0.981944771,1_Pathogenic,1,0
MVK,MVK_Leu41Pro,2024_01_Batch_7-8,TRUE,0.981915543,1_Pathogenic,2,0
SMAD3,SMAD3_Trp232Cys,2025_03_Batch_15-16,TRUE,0.981824116,4_VUS,2,0
F9,F9_Arg294Gln,2025_01_Batch_13-14,TRUE,0.964782038,1_Pathogenic,1,0
KCTD7,KCTD7_Asn273Ile,2024_01_Batch_7-8,TRUE,0.981199298,1_Pathogenic,4,mixture 
PNPO,PNPO_Arg95His,2024_01_Batch_7-8,TRUE,0.981159467,1_Pathogenic,2,0
NR0B1,NR0B1_Tyr380Asp,2025_03_Batch_15-16,TRUE,0.980962127,1_Pathogenic,2,0
F9,F9_Pro333Leu,2025_01_Batch_13-14,TRUE,0.980511528,1_Pathogenic,2,0
FH,FH_Ala308Thr,2025_01_Batch_13-14,TRUE,0.982594162,1_Pathogenic,4,empty vector 
KRT8,KRT8_Ile63Val,2024_01_Batch_7-8,TRUE,0.978817849,2_Benign,1,
PMP22,PMP22_Leu16Pro,2024_01_Batch_7-8,TRUE,0.978684724,1_Pathogenic,1,0
LITAF,LITAF_Ser118Pro,2025_03_Batch_15-16,TRUE,0.978517023,4_VUS,1,0
NT5C3A,NT5C3A_Gly275Arg,2025_03_Batch_15-16,TRUE,0.978414804,1_Pathogenic,1,
SHOC2,SHOC2_Ser2Gly,2025_01_Batch_13-14,TRUE,0.977862089,1_Pathogenic,2,0
HPRT1,HPRT1_Phe74Leu,2024_01_Batch_7-8,TRUE,0.98234039,6_No_ClinVar,1,0
LITAF,LITAF_Pro84Leu,2025_03_Batch_15-16,TRUE,0.977751424,4_VUS,1,0
LITAF,LITAF_Val144Met,2025_03_Batch_15-16,TRUE,0.977525962,4_VUS,1,0
LITAF,LITAF_Trp116Gly,2025_03_Batch_15-16,TRUE,0.97719039,1_Pathogenic,1,0
COQ8A,COQ8A_Gly272Asp,2025_03_Batch_15-16,TRUE,0.976904742,1_Pathogenic,2,0
GFAP,GFAP_Arg88Cys,2025_03_Batch_15-16,TRUE,0.976651224,1_Pathogenic,2,0
RAD51D,RAD51D_Asn138His,2025_01_Batch_13-14,TRUE,0.975974531,3_Conflicting,2,0
KRAS,KRAS_Phe156Leu,2025_01_Batch_13-14,TRUE,0.990931939,1_Pathogenic,4,empty vector 
F9,F9_Ile316Thr,2025_01_Batch_13-14,TRUE,0.975051649,1_Pathogenic,2,0
LITAF,LITAF_Leu122Val,2025_03_Batch_15-16,TRUE,0.975047936,1_Pathogenic,1,0
FH,FH_Gln376Pro,2025_01_Batch_13-14,FALSE,0.954905155,3_Conflicting,6,0
MLH1,MLH1_Asn38His,2024_12_Batch_11-12,TRUE,0.973927091,1_Pathogenic,4,HPRT1
MLH1,MLH1_Leu653Pro,2024_12_Batch_11-12,TRUE,0.973717258,1_Pathogenic,2,0
GFAP,GFAP_Lys236Thr,2025_03_Batch_15-16,TRUE,0.973555033,5_Others,1,0
GFAP,GFAP_Arg79Ser,2025_03_Batch_15-16,TRUE,0.973552477,4_VUS,2,0
FH,FH_Asn340Lys,2025_01_Batch_13-14,TRUE,0.973216762,1_Pathogenic,2,0
RAD51D,RAD51D_Thr328Ile,2025_01_Batch_13-14,TRUE,0.972711212,3_Conflicting,2,0
MLH1,MLH1_Ser295Thr,2024_12_Batch_11-12,TRUE,0.982284013,4_VUS,1,0
LITAF,LITAF_Pro135Arg,2025_03_Batch_15-16,TRUE,0.971356899,4_VUS,1,0
EMD,EMD_Pro183His,2024_01_Batch_7-8,TRUE,0.971264368,1_Pathogenic,2,0
ZC4H2,ZC4H2_Arg18Lys,2025_01_Batch_13-14,TRUE,0.971256607,1_Pathogenic,1,0
KRT8,KRT8_Gly53Val,2024_01_Batch_7-8,TRUE,0.971179066,5_Others,3,KRT8_Gly55Ala
CDKN1A,CDKN1A_Asp149Gly,2025_03_Batch_15-16,TRUE,0.970071897,6_No_ClinVar,1,0
SFTPA2,SFTPA2_Gly231Val,2025_03_Batch_15-16,TRUE,0.970028457,1_Pathogenic,2,0
KRT8,KRT8_Tyr54His,2024_01_Batch_7-8,TRUE,0.969875137,2_Benign,1,
PNPO,PNPO_Arg116Gln,2024_01_Batch_7-8,TRUE,0.969590097,2_Benign,1,
KRT8,KRT8_Arg454Cys,2024_01_Batch_7-8,TRUE,0.979169425,5_Others,4,K2C8
GFAP,GFAP_Asn77Ser,2025_03_Batch_15-16,TRUE,0.968724678,1_Pathogenic,2,0
BRCA1,BRCA1_Ala102Gly,2025_01_Batch_13-14,TRUE,0.967366432,2_Benign,2,
GFAP,GFAP_Leu352Pro,2025_03_Batch_15-16,TRUE,0.967321305,1_Pathogenic,2,0
KCTD7,KCTD7_Arg94Trp,2024_01_Batch_7-8,TRUE,0.966859972,1_Pathogenic,4,mixture
IMPDH1,IMPDH1_Val317Ile,2025_03_Batch_15-16,TRUE,0.96679547,4_VUS,2,0
MVK,MVK_Leu255Pro,2024_01_Batch_7-8,TRUE,0.965357072,1_Pathogenic,2,0
TTPA,TTPA_Gly246Arg,2024_01_Batch_7-8,TRUE,0.964889391,5_Others,2,0
MLH1,MLH1_His318Gln,2024_12_Batch_11-12,TRUE,0.922665432,4_VUS,1,0
SFTPC,SFTPC_Leu188Gln,2024_01_Batch_7-8,TRUE,0.964617004,1_Pathogenic,1,0
RAD51D,RAD51D_Glu233Gly,2025_01_Batch_13-14,TRUE,0.964322297,2_Benign,3,RAD51D_Glu120Gly
PNPO,PNPO_Arg95Cys,2024_01_Batch_7-8,TRUE,0.964168036,1_Pathogenic,2,0
SDHD,SDHD_His102Leu,2025_01_Batch_13-14,TRUE,0.963915811,1_Pathogenic,1,0
MLH1,MLH1_Asp41His,2024_12_Batch_11-12,TRUE,0.963423448,1_Pathogenic,4,HPRT1
LMNA,LMNA_Arg377Leu,2025_01_Batch_13-14,TRUE,0.998535634,1_Pathogenic,4,mixture
LITAF,LITAF_Phe136Leu,2025_03_Batch_15-16,TRUE,0.96315727,4_VUS,1,0
LITAF,LITAF_Pro135Ser,2025_03_Batch_15-16,TRUE,0.962881734,4_VUS,1,0
GFAP,GFAP_Leu90Pro,2025_03_Batch_15-16,TRUE,0.962570878,5_Others,2,0
RAD51D,RAD51D_Ala231Ser,2025_01_Batch_13-14,TRUE,0.961174343,3_Conflicting,2,0
RAD51D,RAD51D_Ile17Val,2025_01_Batch_13-14,TRUE,0.961084311,3_Conflicting,2,0
FXN,FXN_Trp173Gly,2024_01_Batch_7-8,TRUE,0.960958708,1_Pathogenic,4,MLH1
FBP1,FBP1_Gly260Arg,2024_01_Batch_7-8,TRUE,0.960824831,1_Pathogenic,2,0
LITAF,LITAF_Pro135Thr,2025_03_Batch_15-16,TRUE,0.960657593,1_Pathogenic,1,0
DCX,DCX_Pro191Arg,2024_01_Batch_7-8,TRUE,0.959501078,1_Pathogenic,2,0
RET,RET_Arg330Gln,2025_01_Batch_13-14,TRUE,0.959004123,3_Conflicting,2,0
GFAP,GFAP_Glu371Gly,2025_03_Batch_15-16,TRUE,0.958401188,5_Others,2,0
MLH1,MLH1_Pro747Ser,2024_12_Batch_11-12,TRUE,0.958272068,3_Conflicting,4,F9
NR0B1,NR0B1_Arg267Pro,2025_03_Batch_15-16,TRUE,0.992139369,1_Pathogenic,1,0
DES,DES_Arg355Pro,2024_01_Batch_7-8,TRUE,0.957883827,3_Conflicting,2,0
GFAP,GFAP_Leu235Pro,2025_03_Batch_15-16,TRUE,0.95779061,5_Others,2,0
BRCA1,BRCA1_Glu116Lys,2025_01_Batch_13-14,TRUE,0.957287952,4_VUS,3,mixed mutation at pos 116
RAD51D,RAD51D_Phe305Leu,2025_01_Batch_13-14,TRUE,0.95723112,3_Conflicting,2,0
SFTPA2,SFTPA2_Phe198Ser,2025_03_Batch_15-16,TRUE,0.956981654,1_Pathogenic,2,0
GFAP,GFAP_Arg79Cys,2025_03_Batch_15-16,TRUE,0.956258574,1_Pathogenic,2,0
GFAP,GFAP_Lys279Glu,2025_03_Batch_15-16,TRUE,0.955305784,5_Others,2,0
GFAP,GFAP_Tyr366Cys,2025_03_Batch_15-16,TRUE,0.954522574,5_Others,2,0
LMNA,LMNA_Arg386Thr,2025_01_Batch_13-14,FALSE,0.964589919,1_Pathogenic,4,mixture
HPRT1,HPRT1_Asp177Tyr,2024_01_Batch_7-8,TRUE,0.953240982,1_Pathogenic,4,MLH1
SMAD3,SMAD3_Met255Arg,2025_03_Batch_15-16,TRUE,0.953229484,4_VUS,2,0
LIG4,LIG4_Thr9Ile,2024_01_Batch_7-8,TRUE,0.952870678,2_Benign,2,
AGXT,AGXT_Ile202Asn,2024_01_Batch_7-8,TRUE,0.952718363,1_Pathogenic,2,0
GFAP,GFAP_Arg239Pro,2025_03_Batch_15-16,TRUE,0.952700406,5_Others,2,0
GFAP,GFAP_Arg239Leu,2025_03_Batch_15-16,TRUE,0.952091071,1_Pathogenic,2,0
GFAP,GFAP_Met73Arg,2025_03_Batch_15-16,TRUE,0.951893027,5_Others,4,KRT6A
FOXP3,FOXP3_Leu242Pro,2025_03_Batch_15-16,TRUE,0.950102172,6_No_ClinVar,2,0
DCX,DCX_Arg102Cys,2024_01_Batch_7-8,TRUE,0.949693405,3_Conflicting,2,0
SMAD3,SMAD3_Val410Phe,2025_03_Batch_15-16,TRUE,0.948544559,4_VUS,2,0
DCX,DCX_Arg59His,2024_01_Batch_7-8,TRUE,0.946672223,1_Pathogenic,2,0
SFTPC,SFTPC_Leu194Pro,2024_01_Batch_7-8,TRUE,0.945512751,1_Pathogenic,1,0
AGXT,AGXT_Gly116Arg,2024_01_Batch_7-8,TRUE,0.944469623,1_Pathogenic,2,0
FBP1,FBP1_Gly164Ser,2024_01_Batch_7-8,TRUE,0.944441661,1_Pathogenic,2,0
MLH1,MLH1_Lys670Arg,2024_12_Batch_11-12,TRUE,0.944082572,4_VUS,1,0
MLH1,MLH1_Ala160Val,2024_12_Batch_11-12,TRUE,0.941779756,3_Conflicting,4,HPRT1
MLH1,MLH1_Pro640Ser,2024_12_Batch_11-12,TRUE,0.940484767,1_Pathogenic,2,0
DES,DES_Asn342Asp,2024_01_Batch_7-8,TRUE,0.940251328,1_Pathogenic,2,0
MLH1,MLH1_Val716Met,2024_12_Batch_11-12,TRUE,0.934758468,2_Benign,5,
MLH1,MLH1_Ser508Arg,2024_12_Batch_11-12,TRUE,0.934555036,4_VUS,2,0
MLH1,MLH1_Leu582Val,2024_12_Batch_11-12,TRUE,0.930539543,3_Conflicting,4,F9
MLH1,MLH1_Ala681Thr,2024_12_Batch_11-12,TRUE,0.926718724,1_Pathogenic,1,0
SMAD3,SMAD3_Glu239Lys,2025_03_Batch_15-16,TRUE,0.972078179,1_Pathogenic,1,0
MLH1,MLH1_Lys618Arg,2024_12_Batch_11-12,TRUE,0.910351843,2_Benign,2,
MLH1,MLH1_Cys680Arg,2024_12_Batch_11-12,TRUE,0.899920504,1_Pathogenic,2,0
MLH1,MLH1_Ala29Gly,2024_12_Batch_11-12,TRUE,0.880466389,1_Pathogenic,4,IL2RG
MLH1,MLH1_Asp485Glu,2024_12_Batch_11-12,TRUE,0.865470911,6_No_ClinVar,2,0
KRAS,KRAS_Ile36Met,2025_01_Batch_13-14,FALSE,0.968299666,1_Pathogenic,1,0
RAD51D,RAD51D_Glu307Lys,2025_01_Batch_13-14,FALSE,0.967228883,3_Conflicting,1,0
RAD51D,RAD51D_Val28Leu,2025_01_Batch_13-14,FALSE,0.947548483,3_Conflicting,1,0
BRAF,BRAF_Gly596Val,2025_01_Batch_13-14,FALSE,0.964263995,1_Pathogenic,2,0
F9,F9_Cys335Tyr,2025_01_Batch_13-14,FALSE,0.96418938,1_Pathogenic,2,0
RAD51D,RAD51D_Val132Ile,2025_01_Batch_13-14,FALSE,0.963528205,3_Conflicting,2,0
F9,F9_Trp453Arg,2025_01_Batch_13-14,FALSE,0.961956531,1_Pathogenic,2,0
RAD51D,RAD51D_His23Arg,2025_01_Batch_13-14,FALSE,0.960288601,3_Conflicting,2,0
F9,F9_Cys335Trp,2025_01_Batch_13-14,FALSE,0.959629411,1_Pathogenic,2,0
ZC4H2,ZC4H2_Arg211Trp,2025_01_Batch_13-14,FALSE,0.959407471,1_Pathogenic,1,0
RAD51D,RAD51D_Ile251Val,2025_01_Batch_13-14,FALSE,0.958970564,3_Conflicting,2,0
LMNA,LMNA_Arg41His,2025_01_Batch_13-14,FALSE,0.958792041,1_Pathogenic,2,0
LITAF,LITAF_Ser15Leu,2025_03_Batch_15-16,FALSE,0.95734261,3_Conflicting,1,0
TMEM43,TMEM43_Glu85Lys,2025_03_Batch_15-16,FALSE,0.956114092,4_VUS,1,0
FANCC,FANCC_Leu554Pro,2025_01_Batch_13-14,FALSE,0.955985615,1_Pathogenic,2,0
TPM1,TPM1_Asn279His,2025_03_Batch_15-16,TRUE,0.998008118,4_VUS,3,"insertion at position 275, causes frame shift at end of gene "
RPS19,RPS19_Gly127Glu,2025_01_Batch_13-14,FALSE,0.952058909,1_Pathogenic,1,0
FH,FH_His318Tyr,2025_01_Batch_13-14,FALSE,0.951033194,1_Pathogenic,2,0
RAF1,RAF1_Leu603Pro,2025_01_Batch_13-14,FALSE,0.95049472,1_Pathogenic,2,0
FH,FH_Arg101Pro,2025_01_Batch_13-14,FALSE,0.949654309,1_Pathogenic,4,mixture
DES,DES_Ala337Pro,2024_01_Batch_7-8,FALSE,0.949386039,3_Conflicting,2,0
ZC4H2,ZC4H2_Ala157Thr,2025_01_Batch_13-14,FALSE,0.9483739,3_Conflicting,1,0
TAT,TAT_Pro220Ser,2024_01_Batch_7-8,FALSE,0.948133833,6_No_ClinVar,2,0
RAF1,RAF1_Gly361Ala,2025_01_Batch_13-14,TRUE,0.975817655,1_Pathogenic,4,mixture
BRCA1,BRCA1_Asp67Tyr,2025_01_Batch_13-14,FALSE,0.947530265,2_Benign,2,0
DES,DES_Arg350Pro,2024_01_Batch_7-8,FALSE,0.946958071,1_Pathogenic,2,0
RPS19,RPS19_Val15Phe,2025_01_Batch_13-14,FALSE,0.94662904,1_Pathogenic,1,0
FLCN,FLCN_Arg239Cys,2025_01_Batch_13-14,FALSE,0.945015486,3_Conflicting,2,0
F9,F9_Asn166Tyr,2025_01_Batch_13-14,FALSE,0.943905952,1_Pathogenic,,
BRCA1,BRCA1_His299Tyr,2025_01_Batch_13-14,FALSE,0.942413367,2_Benign,,
KRAS,KRAS_Tyr71His,2025_01_Batch_13-14,FALSE,0.942024926,1_Pathogenic,,
F9,F9_Cys170Tyr,2025_01_Batch_13-14,FALSE,0.94183687,1_Pathogenic,,
DES,DES_Leu345Pro,2024_01_Batch_7-8,FALSE,0.941696974,1_Pathogenic,,
PRPS1,PRPS1_His193Gln,2025_03_Batch_15-16,FALSE,0.941613391,5_Others,,
RAD51D,RAD51D_Arg165Gln,2025_01_Batch_13-14,FALSE,0.941598738,2_Benign,,
ZC4H2,ZC4H2_Lys217Arg,2025_01_Batch_13-14,FALSE,0.941194454,1_Pathogenic,,
GFAP,GFAP_Glu371Val,2025_03_Batch_15-16,FALSE,0.939703254,5_Others,,
AP2S1,AP2S1_Arg15Cys,2025_03_Batch_15-16,FALSE,0.937757102,1_Pathogenic,,
BRCA1,BRCA1_Met548Ile,2025_01_Batch_13-14,FALSE,0.93770209,2_Benign,,
BRAF,BRAF_Val471Phe,2025_01_Batch_13-14,FALSE,0.935904395,1_Pathogenic,,
KRT4,KRT4_Glu449Lys,2024_01_Batch_7-8,FALSE,0.935648574,1_Pathogenic,,
LITAF,LITAF_Ala129Val,2025_03_Batch_15-16,FALSE,0.934687783,4_VUS,,
BRCA1,BRCA1_Gly602Ala,2025_01_Batch_13-14,FALSE,0.933500182,2_Benign,,
IL10,IL10_Phe129Tyr,2025_03_Batch_15-16,FALSE,0.933070996,4_VUS,,
LMNA,LMNA_Leu162Pro,2025_01_Batch_13-14,FALSE,0.932717063,1_Pathogenic,,
LITAF,LITAF_Thr115Asn,2025_03_Batch_15-16,FALSE,0.932257672,1_Pathogenic,,
GFAP,GFAP_Met74Thr,2025_03_Batch_15-16,FALSE,0.931986395,5_Others,,
BRCA1,BRCA1_His239Arg,2025_01_Batch_13-14,FALSE,0.931956614,2_Benign,,
FANCC,FANCC_Asp195Val,2025_01_Batch_13-14,FALSE,0.931713105,3_Conflicting,,
FANCC,FANCC_Leu496Arg,2025_01_Batch_13-14,FALSE,0.931294415,1_Pathogenic,,
BRCA1,BRCA1_Asn132Lys,2025_01_Batch_13-14,FALSE,0.930860097,2_Benign,,
COMP,COMP_Asp271His,2024_01_Batch_7-8,FALSE,0.930109265,1_Pathogenic,,
HPRT1,HPRT1_Asp201Gly,2024_01_Batch_7-8,FALSE,0.929365304,1_Pathogenic,,
CTCF,CTCF_Arg342Gly,2025_01_Batch_13-14,FALSE,0.928248322,1_Pathogenic,,
KRAS,KRAS_Gly12Val,2025_01_Batch_13-14,FALSE,0.927226338,1_Pathogenic,,
LITAF,LITAF_Pro39Ser,2025_03_Batch_15-16,FALSE,0.926615563,4_VUS,,
TTPA,TTPA_Glu141Lys,2024_01_Batch_7-8,FALSE,0.926530162,1_Pathogenic,,
F9,F9_Tyr161Cys,2025_01_Batch_13-14,FALSE,0.926390166,1_Pathogenic,,
AGXT,AGXT_Gly161Arg,2024_01_Batch_7-8,FALSE,0.926023027,1_Pathogenic,,
BRCA1,BRCA1_Cys64Tyr,2025_01_Batch_13-14,FALSE,0.922977022,1_Pathogenic,,
FKBP6,FKBP6_Arg202His,2025_03_Batch_15-16,FALSE,0.922900033,2_Benign,,
GATA2,GATA2_Cys373Arg,2024_01_Batch_7-8,FALSE,0.922713754,1_Pathogenic,,
BFSP2,BFSP2_Ala407Asp,2025_03_Batch_15-16,FALSE,0.922416649,2_Benign,,
ZC4H2,ZC4H2_Ile7Val,2025_01_Batch_13-14,FALSE,0.921485882,2_Benign,,
BRCA1,BRCA1_Met671Lys,2025_01_Batch_13-14,FALSE,0.921430599,1_Pathogenic,,
BRCA1,BRCA1_Thr581Ile,2025_01_Batch_13-14,FALSE,0.921312265,1_Pathogenic,,
ZC4H2,ZC4H2_Val63Leu,2025_01_Batch_13-14,FALSE,0.920877283,1_Pathogenic,,
BRCA1,BRCA1_Pro510Ser,2025_01_Batch_13-14,FALSE,0.92058159,2_Benign,,
AGXT,AGXT_Ser218Leu,2024_01_Batch_7-8,FALSE,0.9198151,1_Pathogenic,,
ZC4H2,ZC4H2_Ala200Thr,2025_01_Batch_13-14,FALSE,0.919699146,1_Pathogenic,,
PDGFRB,PDGFRB_Pro660Thr,2024_01_Batch_7-8,FALSE,0.919408961,4_VUS,,
BRCA1,BRCA1_Phe558Ser,2025_01_Batch_13-14,FALSE,0.919331971,2_Benign,,
GCM2,GCM2_Arg47Leu,2024_01_Batch_7-8,FALSE,0.919034108,1_Pathogenic,,
BAG3,BAG3_Pro380Ser,2025_03_Batch_15-16,FALSE,0.917952477,2_Benign,,
TPM1,TPM1_Ala22Thr,2025_03_Batch_15-16,FALSE,0.917624286,3_Conflicting,,
NR0B1,NR0B1_Val126Met,2025_03_Batch_15-16,FALSE,0.917435064,3_Conflicting,,
BRCA1,BRCA1_Cys61Gly,2025_01_Batch_13-14,FALSE,0.915693374,1_Pathogenic,,
BRCA1,BRCA1_Cys39Arg,2025_01_Batch_13-14,FALSE,0.91555264,1_Pathogenic,,
BRCA1,BRCA1_Ser611Arg,2025_01_Batch_13-14,FALSE,0.914962494,1_Pathogenic,,
BRCA1,BRCA1_Glu143Lys,2025_01_Batch_13-14,FALSE,0.914782662,2_Benign,,
SFTPA2,SFTPA2_Gln223Lys,2025_03_Batch_15-16,FALSE,0.914471192,2_Benign,,
PYGL,PYGL_Asn632Ile,2024_01_Batch_7-8,FALSE,0.914029288,5_Others,,
EMD,EMD_Met1Val,2024_01_Batch_7-8,FALSE,0.913689785,1_Pathogenic,,
FH,FH_Ser419Pro,2025_01_Batch_13-14,FALSE,0.913307132,1_Pathogenic,,
ZC4H2,ZC4H2_Arg198Gln,2025_01_Batch_13-14,FALSE,0.913154915,1_Pathogenic,,
CDKN1A,CDKN1A_Arg84Gln,2025_03_Batch_15-16,FALSE,0.912898488,2_Benign,,
APOA1,APOA1_Ala199Pro,2025_03_Batch_15-16,FALSE,0.912863379,1_Pathogenic,,
FH,FH_Ser334Arg,2025_01_Batch_13-14,FALSE,0.912349742,1_Pathogenic,,
SOS2,SOS2_Pro1318Ser,2025_01_Batch_13-14,FALSE,0.912036265,2_Benign,,
PYGL,PYGL_Asp634His,2024_01_Batch_7-8,FALSE,0.911417332,3_Conflicting,,
IER3IP1,IER3IP1_Leu78Pro,2024_01_Batch_7-8,FALSE,0.911226394,1_Pathogenic,,
FARS2,FARS2_Gly309Ser,2025_01_Batch_13-14,FALSE,0.910303968,1_Pathogenic,,
AGXT,AGXT_Ser187Phe,2024_01_Batch_7-8,FALSE,0.910303879,1_Pathogenic,,
FOXP3,FOXP3_Gln70His,2025_03_Batch_15-16,FALSE,0.909115173,6_No_ClinVar,,
RAD51D,RAD51D_Gly289Ser,2025_01_Batch_13-14,FALSE,0.908943498,3_Conflicting,,
DCX,DCX_Thr203Ala,2024_01_Batch_7-8,FALSE,0.90890227,1_Pathogenic,,
HGD,HGD_Ala48Ser,2025_03_Batch_15-16,FALSE,0.907883248,2_Benign,,
DES,DES_Arg127Pro,2024_01_Batch_7-8,FALSE,0.907868011,3_Conflicting,,
RAD51D,RAD51D_Cys9Ser,2025_01_Batch_13-14,FALSE,0.907721283,3_Conflicting,,
CCBE1,CCBE1_Gly136Arg,2025_03_Batch_15-16,FALSE,0.905898832,1_Pathogenic,,
ZMYND10,ZMYND10_Arg243Cys,2024_01_Batch_7-8,FALSE,0.905888843,2_Benign,,
LMNA,LMNA_Arg349Leu,2025_01_Batch_13-14,FALSE,0.905680746,3_Conflicting,,
AIPL1,AIPL1_Arg302Leu,2024_01_Batch_7-8,FALSE,0.905395681,3_Conflicting,,
SMAD3,SMAD3_Thr261Ile,2025_03_Batch_15-16,FALSE,0.904595523,1_Pathogenic,,
SMAD3,SMAD3_Gly272Arg,2025_03_Batch_15-16,FALSE,0.903965856,3_Conflicting,,
IL36RN,IL36RN_Thr123Arg,2025_03_Batch_15-16,FALSE,0.903598413,1_Pathogenic,,
KRAS,KRAS_Gly60Arg,2025_01_Batch_13-14,FALSE,0.903415253,1_Pathogenic,,
CTNNA3,CTNNA3_Val94Asp,2025_03_Batch_15-16,FALSE,0.903268882,1_Pathogenic,,
F9,F9_Cys396Ser,2025_01_Batch_13-14,FALSE,0.901261019,1_Pathogenic,,
KRT6A,KRT6A_Leu468Pro,2024_01_Batch_7-8,FALSE,0.901040109,5_Others,,
BRAF,BRAF_Gly469Glu,2025_01_Batch_13-14,FALSE,0.900926555,1_Pathogenic,,
LITAF,LITAF_Asn30Tyr,2025_03_Batch_15-16,FALSE,0.900620339,4_VUS,,
KRAS,KRAS_Gly12Asp,2025_01_Batch_13-14,FALSE,0.900420354,1_Pathogenic,,
KRT6A,KRT6A_Ile178Asn,2024_01_Batch_7-8,FALSE,0.899849069,5_Others,,
LITAF,LITAF_Gly112Ser,2025_03_Batch_15-16,FALSE,0.899325097,1_Pathogenic,,
BRCA1,BRCA1_Val632Ala,2025_01_Batch_13-14,FALSE,0.899078639,1_Pathogenic,,
DES,DES_Glu413Lys,2024_01_Batch_7-8,FALSE,0.897751223,1_Pathogenic,,
SFTPC,SFTPC_Ala116Asp,2024_01_Batch_7-8,FALSE,0.897471887,1_Pathogenic,,
FARS2,FARS2_His84Pro,2025_01_Batch_13-14,FALSE,0.897344511,1_Pathogenic,,
DES,DES_Tyr122Asp,2024_01_Batch_7-8,FALSE,0.896905456,1_Pathogenic,,
PYGL,PYGL_Lys681Thr,2024_01_Batch_7-8,FALSE,0.896540178,4_VUS,,
AGXT,AGXT_Ser221Pro,2024_01_Batch_7-8,FALSE,0.89622494,1_Pathogenic,,
BRCA1,BRCA1_Arg71Lys,2025_01_Batch_13-14,FALSE,0.896138475,1_Pathogenic,,
G6PD,G6PD_Ile48Thr,2025_01_Batch_13-14,FALSE,0.896083187,1_Pathogenic,,
RAF1,RAF1_Asp486Asn,2025_01_Batch_13-14,FALSE,0.895875077,5_Others,,
BAP1,BAP1_Arg59Pro,2025_01_Batch_13-14,FALSE,0.895802535,1_Pathogenic,,
KRT2,KRT2_Glu476Val,2024_01_Batch_7-8,FALSE,0.895287881,5_Others,,
APOA1,APOA1_Val180Glu,2025_03_Batch_15-16,FALSE,0.894856172,1_Pathogenic,,
RET,RET_Pro64Leu,2025_01_Batch_13-14,FALSE,0.894636593,4_VUS,,
RET,RET_Val262Ala,2025_01_Batch_13-14,FALSE,0.894362526,3_Conflicting,,
BRCA1,BRCA1_Leu460Pro,2025_01_Batch_13-14,FALSE,0.894233587,2_Benign,,
BRCA1,BRCA1_Thr37Lys,2025_01_Batch_13-14,FALSE,0.893537556,1_Pathogenic,,
HPRT1,HPRT1_Gly70Glu,2024_01_Batch_7-8,FALSE,0.893443905,1_Pathogenic,,
APOA1,APOA1_Ala188Ser,2025_03_Batch_15-16,FALSE,0.89328325,2_Benign,,
BRCA1,BRCA1_Thr587Arg,2025_01_Batch_13-14,FALSE,0.892646509,1_Pathogenic,,
BRCA1,BRCA1_Arg71Gly,2025_01_Batch_13-14,FALSE,0.892438949,1_Pathogenic,,
F9,F9_Arg191Cys,2025_01_Batch_13-14,FALSE,0.891886088,1_Pathogenic,,
APOA1,APOA1_Trp74Arg,2025_03_Batch_15-16,FALSE,0.891733034,1_Pathogenic,,
F9,F9_Ser406Leu,2025_01_Batch_13-14,FALSE,0.891613848,1_Pathogenic,,
FH,FH_Leu303Ser,2025_01_Batch_13-14,FALSE,0.890891995,3_Conflicting,,
HPRT1,HPRT1_Asp80Val,2024_01_Batch_7-8,FALSE,0.890491721,1_Pathogenic,,
CTH,CTH_Gln240Glu,2025_03_Batch_15-16,FALSE,0.889574475,1_Pathogenic,,
APOA1,APOA1_Leu84Arg,2025_03_Batch_15-16,FALSE,0.888211411,1_Pathogenic,,
EMD,EMD_Pro183Thr,2024_01_Batch_7-8,FALSE,0.887747616,1_Pathogenic,,
F9,F9_Ala397Pro,2025_01_Batch_13-14,FALSE,0.887264671,1_Pathogenic,,
COMP,COMP_Thr585Arg,2024_01_Batch_7-8,FALSE,0.887024815,1_Pathogenic,,
BRCA1,BRCA1_Pro533Leu,2025_01_Batch_13-14,FALSE,0.886511114,2_Benign,,
MLH1,MLH1_Lys751Arg,2024_12_Batch_11-12,FALSE,0.885257186,2_Benign,,
GFAP,GFAP_Arg376Trp,2025_03_Batch_15-16,FALSE,0.885232608,1_Pathogenic,,
SDHD,SDHD_His50Asp,2025_01_Batch_13-14,FALSE,0.884918766,3_Conflicting,,
LMNA,LMNA_Ala43Thr,2025_01_Batch_13-14,FALSE,0.884812336,3_Conflicting,,
ZC4H2,ZC4H2_Ala162Thr,2025_01_Batch_13-14,FALSE,0.884075355,2_Benign,,
AGXT,AGXT_Glu274Asp,2024_01_Batch_7-8,FALSE,0.88272889,3_Conflicting,,
EMD,EMD_Ser54Phe,2024_01_Batch_7-8,FALSE,0.882200311,1_Pathogenic,,
FKBP6,FKBP6_Phe72Leu,2025_03_Batch_15-16,FALSE,0.881702933,6_No_ClinVar,,
BRCA1,BRCA1_Thr581Ala,2025_01_Batch_13-14,FALSE,0.881327835,1_Pathogenic,,
GCK,GCK_Gly175Arg,2024_01_Batch_7-8,FALSE,0.881229777,1_Pathogenic,,
THAP1,THAP1_His23Pro,2024_01_Batch_7-8,FALSE,0.880937258,1_Pathogenic,,
BAG3,BAG3_Leu462Pro,2025_03_Batch_15-16,FALSE,0.880579803,1_Pathogenic,,
SDHD,SDHD_His102Pro,2025_01_Batch_13-14,FALSE,0.879984138,1_Pathogenic,,
SMAD3,SMAD3_Asn197Ile,2025_03_Batch_15-16,FALSE,0.879778801,6_No_ClinVar,,
KCTD7,KCTD7_Asp115Tyr,2024_01_Batch_7-8,FALSE,0.879297501,1_Pathogenic,,
COMP,COMP_Cys348Arg,2024_01_Batch_7-8,FALSE,0.878607134,1_Pathogenic,,
KRAS,KRAS_Pro34Arg,2025_01_Batch_13-14,FALSE,0.87707383,1_Pathogenic,,
PHYH,PHYH_Gly204Ser,2025_03_Batch_15-16,FALSE,0.8766334,1_Pathogenic,,
F9,F9_Val374Phe,2025_01_Batch_13-14,FALSE,0.87574871,1_Pathogenic,,
F9,F9_Phe395Ile,2025_01_Batch_13-14,FALSE,0.875349247,1_Pathogenic,,
SDHD,SDHD_Gly138Val,2025_01_Batch_13-14,FALSE,0.874454244,3_Conflicting,,
BRCA1,BRCA1_Phe591Leu,2025_01_Batch_13-14,FALSE,0.872208591,3_Conflicting,,
PHYH,PHYH_Arg275Trp,2025_03_Batch_15-16,FALSE,0.872203515,1_Pathogenic,,
SDHD,SDHD_Phe34Cys,2025_01_Batch_13-14,FALSE,0.871661864,3_Conflicting,,
DES,DES_Leu136Pro,2024_01_Batch_7-8,FALSE,0.869820412,4_VUS,,
KRT6A,KRT6A_Asn171Asp,2024_01_Batch_7-8,FALSE,0.867834122,1_Pathogenic,,
BRCA1,BRCA1_Cys44Tyr,2025_01_Batch_13-14,FALSE,0.867561125,1_Pathogenic,,
SMAD3,SMAD3_Arg385Gly,2025_03_Batch_15-16,FALSE,0.866276321,3_Conflicting,,
BRCA1,BRCA1_Ser408Ile,2025_01_Batch_13-14,FALSE,0.866208897,2_Benign,,
GFAP,GFAP_Ala364Pro,2025_03_Batch_15-16,FALSE,0.865101398,5_Others,,
F9,F9_Ile210Thr,2025_01_Batch_13-14,FALSE,0.864471589,6_No_ClinVar,,
HPRT1,HPRT1_Met143Lys,2024_01_Batch_7-8,FALSE,0.863856894,1_Pathogenic,,
COMP,COMP_His441Arg,2024_01_Batch_7-8,FALSE,0.863680622,1_Pathogenic,,
RPS19,RPS19_Arg101His,2025_01_Batch_13-14,FALSE,0.863419199,1_Pathogenic,,
KRT6A,KRT6A_Ser176Pro,2024_01_Batch_7-8,FALSE,0.863264928,5_Others,,
SMAD3,SMAD3_Gln316Pro,2025_03_Batch_15-16,FALSE,0.863097899,4_VUS,,
SDHD,SDHD_Glu69Lys,2025_01_Batch_13-14,FALSE,0.86256654,3_Conflicting,,
POLR1C,POLR1C_Arg279Trp,2024_01_Batch_7-8,FALSE,0.862430612,1_Pathogenic,,
BRCA1,BRCA1_Arg595Gln,2025_01_Batch_13-14,FALSE,0.861200333,1_Pathogenic,,
FH,FH_Pro174Arg,2025_01_Batch_13-14,FALSE,0.860764888,1_Pathogenic,,
BRCA1,BRCA1_Gly666Val,2025_01_Batch_13-14,FALSE,0.86020994,1_Pathogenic,,
SDHD,SDHD_Asp92Gly,2025_01_Batch_13-14,FALSE,0.860151827,1_Pathogenic,,
ZC4H2,ZC4H2_Arg213Trp,2025_01_Batch_13-14,FALSE,0.85985915,1_Pathogenic,,
IL36RN,IL36RN_Lys35Arg,2025_03_Batch_15-16,FALSE,0.859568818,4_VUS,,
GRN,GRN_Cys105Arg,2024_01_Batch_7-8,FALSE,0.859037142,5_Others,,
COMP,COMP_Asp511Glu,2024_01_Batch_7-8,FALSE,0.858900823,1_Pathogenic,,
GSS,GSS_Arg283Cys,2024_01_Batch_7-8,FALSE,0.858506627,1_Pathogenic,,
PYGL,PYGL_Pro382Leu,2024_01_Batch_7-8,FALSE,0.85842728,3_Conflicting,,
GFAP,GFAP_Glu207Lys,2025_03_Batch_15-16,FALSE,0.857289517,5_Others,,
DCX,DCX_Arg196Cys,2024_01_Batch_7-8,FALSE,0.856793503,1_Pathogenic,,
STAR,STAR_Val187Met,2024_01_Batch_7-8,FALSE,0.855359632,1_Pathogenic,,
RAD51D,RAD51D_Val66Met,2025_01_Batch_13-14,FALSE,0.855031788,3_Conflicting,,
RET,RET_Val292Met,2025_01_Batch_13-14,FALSE,0.854917258,3_Conflicting,,
DES,DES_Leu274Pro,2024_01_Batch_7-8,FALSE,0.854548191,1_Pathogenic,,
BRCA1,BRCA1_Lys502Glu,2025_01_Batch_13-14,FALSE,0.852561024,2_Benign,,
AGXT,AGXT_Gly41Glu,2024_01_Batch_7-8,FALSE,0.852323244,4_VUS,,
KLHL3,KLHL3_Cys164Phe,2024_01_Batch_7-8,FALSE,0.851895538,1_Pathogenic,,
DCX,DCX_Lys174Glu,2024_01_Batch_7-8,FALSE,0.851535489,1_Pathogenic,,
BRCA1,BRCA1_Val275Ile,2025_01_Batch_13-14,FALSE,0.850453111,2_Benign,,
GALE,GALE_Leu313Met,2024_01_Batch_7-8,FALSE,0.85038298,1_Pathogenic,,
F9,F9_Asp110Gly,2025_01_Batch_13-14,FALSE,0.850200296,1_Pathogenic,,
CTH,CTH_Thr67Ile,2025_03_Batch_15-16,FALSE,0.849347794,3_Conflicting,,
SDC3,SDC3_Val136Ile,2024_01_Batch_7-8,FALSE,0.846630886,5_Others,,
GCK,GCK_Gly385Arg,2024_01_Batch_7-8,FALSE,0.846353991,1_Pathogenic,,
FARS2,FARS2_Ile388Ser,2025_01_Batch_13-14,FALSE,0.846063249,1_Pathogenic,,
SDHD,SDHD_Ile31Val,2025_01_Batch_13-14,FALSE,0.844387402,3_Conflicting,,
RET,RET_Thr278Asn,2025_01_Batch_13-14,FALSE,0.843865307,2_Benign,,
POMT1,POMT1_Ala200Pro,2024_01_Batch_7-8,FALSE,0.842995467,1_Pathogenic,,
SMAD3,SMAD3_Arg287Trp,2025_03_Batch_15-16,FALSE,0.842628321,1_Pathogenic,,
SHOC2,SHOC2_Leu174Phe,2025_01_Batch_13-14,FALSE,0.841494917,6_No_ClinVar,,
AGXT,AGXT_Pro10Ala,2024_01_Batch_7-8,FALSE,0.839976652,4_VUS,,
RAF1,RAF1_Pro225Ser,2025_01_Batch_13-14,FALSE,0.839864682,6_No_ClinVar,,
BRAF,BRAF_Val600Gly,2025_01_Batch_13-14,FALSE,0.839806632,1_Pathogenic,,
DCX,DCX_Thr203Arg,2024_01_Batch_7-8,FALSE,0.838408637,1_Pathogenic,,
F9,F9_Cys407Arg,2025_01_Batch_13-14,FALSE,0.837372826,6_No_ClinVar,,
DES,DES_Leu338Arg,2024_01_Batch_7-8,FALSE,0.836942813,1_Pathogenic,,
BRAF,BRAF_Gly464Val,2025_01_Batch_13-14,FALSE,0.836866009,1_Pathogenic,,
KRT6A,KRT6A_Glu472Lys,2024_01_Batch_7-8,FALSE,0.836835112,1_Pathogenic,,
DES,DES_Arg278Pro,2024_01_Batch_7-8,FALSE,0.835881463,4_VUS,,
SDHD,SDHD_Leu107Pro,2025_01_Batch_13-14,FALSE,0.83508172,1_Pathogenic,,
DES,DES_Ala357Pro,2024_01_Batch_7-8,FALSE,0.834975014,1_Pathogenic,,
GCK,GCK_Met251Thr,2024_01_Batch_7-8,FALSE,0.83462263,1_Pathogenic,,
CDKN1A,CDKN1A_Arg67Leu,2025_03_Batch_15-16,FALSE,0.833161899,6_No_ClinVar,,
IMPDH1,IMPDH1_Asp275Asn,2025_03_Batch_15-16,FALSE,0.832973898,1_Pathogenic,,
SDHD,SDHD_Leu139Arg,2025_01_Batch_13-14,FALSE,0.832178188,1_Pathogenic,,
KCTD1,KCTD1_His33Gln,2024_01_Batch_7-8,FALSE,0.831568938,1_Pathogenic,,
SHOC2,SHOC2_Thr321Ala,2025_01_Batch_13-14,FALSE,0.829055593,6_No_ClinVar,,
FA2H,FA2H_Arg62Cys,2024_01_Batch_7-8,FALSE,0.828835253,3_Conflicting,,
KRT6A,KRT6A_Leu170Phe,2024_01_Batch_7-8,FALSE,0.828475381,1_Pathogenic,,
AGXT,AGXT_Ile279Thr,2024_01_Batch_7-8,FALSE,0.828138585,3_Conflicting,,
SDHD,SDHD_Arg70Thr,2025_01_Batch_13-14,FALSE,0.826091908,3_Conflicting,,
PNKP,PNKP_Glu326Lys,2025_03_Batch_15-16,FALSE,0.825443206,1_Pathogenic,,
SMAD3,SMAD3_Asn59Asp,2025_03_Batch_15-16,FALSE,0.825155014,4_VUS,,
LITAF,LITAF_Ala111Gly,2025_03_Batch_15-16,FALSE,0.825145137,1_Pathogenic,,
KRT6A,KRT6A_Ile462Asn,2024_01_Batch_7-8,FALSE,0.824916818,1_Pathogenic,,
DCX,DCX_Lys50Asn,2024_01_Batch_7-8,FALSE,0.824718891,1_Pathogenic,,
AGXT,AGXT_Ala85Asp,2024_01_Batch_7-8,FALSE,0.823691098,1_Pathogenic,,
GCK,GCK_Gly299Arg,2024_01_Batch_7-8,FALSE,0.822841495,1_Pathogenic,,
GMPPB,GMPPB_Pro32Leu,2024_01_Batch_7-8,FALSE,0.822488609,1_Pathogenic,,
EMD,EMD_Asp72Val,2024_01_Batch_7-8,FALSE,0.82218845,4_VUS,,
KRT6A,KRT6A_Gln166Pro,2024_01_Batch_7-8,FALSE,0.821769126,5_Others,,
POLR1C,POLR1C_Arg279Gln,2024_01_Batch_7-8,FALSE,0.821364283,1_Pathogenic,,
NCF2,NCF2_Ala140Asp,2024_01_Batch_7-8,FALSE,0.819927674,5_Others,,
KRAS,KRAS_Pro34Leu,2025_01_Batch_13-14,FALSE,0.819462914,1_Pathogenic,,
HBD,HBD_Asn13Lys,2024_01_Batch_7-8,FALSE,0.819346773,5_Others,,
PRKAR1A,PRKAR1A_Arg335Pro,2024_01_Batch_7-8,FALSE,0.819226545,1_Pathogenic,,
BRCA1,BRCA1_His41Arg,2025_01_Batch_13-14,FALSE,0.818575861,1_Pathogenic,,
SDHD,SDHD_Ser68Gly,2025_01_Batch_13-14,FALSE,0.816824098,3_Conflicting,,
DES,DES_Thr453Ile,2024_01_Batch_7-8,FALSE,0.816106221,3_Conflicting,,
CDKN1A,CDKN1A_Ser31Arg,2025_03_Batch_15-16,FALSE,0.814827365,2_Benign,,
CTCF,CTCF_His455Gln,2025_01_Batch_13-14,FALSE,0.813140922,1_Pathogenic,,
F9,F9_Cys134Ser,2025_01_Batch_13-14,FALSE,0.813049148,1_Pathogenic,,
SHOC2,SHOC2_Ser403Gly,2025_01_Batch_13-14,FALSE,0.811233818,2_Benign,,
AGXT,AGXT_Gly41Arg,2024_01_Batch_7-8,FALSE,0.811049949,1_Pathogenic,,
SHOC2,SHOC2_Ser4Arg,2025_01_Batch_13-14,FALSE,0.810954626,2_Benign,,
NCF2,NCF2_Gly44Arg,2024_01_Batch_7-8,FALSE,0.810631255,5_Others,,
FA2H,FA2H_Phe144Ser,2024_01_Batch_7-8,FALSE,0.810111912,1_Pathogenic,,
SDHD,SDHD_Tyr114Cys,2025_01_Batch_13-14,FALSE,0.810074937,1_Pathogenic,,
FXN,FXN_Gly130Val,2024_01_Batch_7-8,FALSE,0.809448931,3_Conflicting,,
BRCA1,BRCA1_Glu631Lys,2025_01_Batch_13-14,FALSE,0.808411431,5_Others,,
KRAS,KRAS_Asp153Val,2025_01_Batch_13-14,FALSE,0.808406183,1_Pathogenic,,
F9,F9_His282Arg,2025_01_Batch_13-14,FALSE,0.808370896,3_Conflicting,,
FA2H,FA2H_Arg143Cys,2024_01_Batch_7-8,FALSE,0.807724277,3_Conflicting,,
BAP1,BAP1_Cys91Gly,2025_01_Batch_13-14,FALSE,0.807687347,4_VUS,,
AGXT,AGXT_Gly82Arg,2024_01_Batch_7-8,FALSE,0.807587447,1_Pathogenic,,
GCK,GCK_Val253Ala,2024_01_Batch_7-8,FALSE,0.807002337,3_Conflicting,,
BRAF,BRAF_Glu501Lys,2025_01_Batch_13-14,FALSE,0.806554718,1_Pathogenic,,
SDHD,SDHD_Val111Ile,2025_01_Batch_13-14,FALSE,0.806389656,3_Conflicting,,
DCX,DCX_Ala71Ser,2024_01_Batch_7-8,FALSE,0.806227018,1_Pathogenic,,
RAD51D,RAD51D_Val56Gly,2025_01_Batch_13-14,FALSE,0.805857807,3_Conflicting,,
CLDN19,CLDN19_Arg200Gln,2025_03_Batch_15-16,FALSE,0.803976033,2_Benign,,
BRAF,BRAF_Thr241Arg,2025_01_Batch_13-14,FALSE,0.803550787,1_Pathogenic,,
KRAS,KRAS_Lys5Asn,2025_01_Batch_13-14,FALSE,0.803478692,1_Pathogenic,,
APOA1,APOA1_Arg34Leu,2025_03_Batch_15-16,FALSE,0.802934107,4_VUS,,
ZC4H2,ZC4H2_Pro201Ser,2025_01_Batch_13-14,FALSE,0.802321131,1_Pathogenic,,
DES,DES_Tyr331Asn,2024_01_Batch_7-8,FALSE,0.802167549,4_VUS,,
RET,RET_Gly321Arg,2025_01_Batch_13-14,FALSE,0.801924815,3_Conflicting,,
TPM1,TPM1_Glu180Val,2025_03_Batch_15-16,FALSE,0.801892994,1_Pathogenic,,
SFTPC,SFTPC_Glu66Lys,2024_01_Batch_7-8,FALSE,0.800867458,1_Pathogenic,,
EMD,EMD_Ala56Thr,2024_01_Batch_7-8,FALSE,0.800726518,3_Conflicting,,
KRAS,KRAS_Met72Leu,2025_01_Batch_13-14,FALSE,0.800442159,1_Pathogenic,,
SMAD3,SMAD3_Met212Ile,2025_03_Batch_15-16,FALSE,0.80024491,3_Conflicting,,
CTCF,CTCF_Tyr226Cys,2025_01_Batch_13-14,FALSE,0.800011398,1_Pathogenic,,
SHOC2,SHOC2_Met173Val,2025_01_Batch_13-14,FALSE,0.799607884,3_Conflicting,,
BAG3,BAG3_Arg477His,2025_03_Batch_15-16,FALSE,0.799480417,3_Conflicting,,
ALAS2,ALAS2_Cys358Tyr,2024_01_Batch_7-8,FALSE,0.798926716,1_Pathogenic,,
FBP1,FBP1_Arg218Lys,2024_01_Batch_7-8,FALSE,0.798332804,2_Benign,,
KRT2,KRT2_Thr479Pro,2024_01_Batch_7-8,FALSE,0.797397203,1_Pathogenic,,
FBP1,FBP1_Asn273Ser,2024_01_Batch_7-8,FALSE,0.796611252,2_Benign,,
DCX,DCX_Arg78His,2024_01_Batch_7-8,FALSE,0.79641777,1_Pathogenic,,
RAF1,RAF1_Leu613Val,2025_01_Batch_13-14,FALSE,0.796199026,1_Pathogenic,,
PYGL,PYGL_Tyr821His,2024_01_Batch_7-8,FALSE,0.795751491,5_Others,,
BRAF,BRAF_Gln257Arg,2025_01_Batch_13-14,FALSE,0.795745736,1_Pathogenic,,
SDHD,SDHD_His50Arg,2025_01_Batch_13-14,FALSE,0.794908253,2_Benign,,
BRIP1,BRIP1_Gln255His,2025_01_Batch_13-14,FALSE,0.794374336,1_Pathogenic,,
DES,DES_Gln389Pro,2024_01_Batch_7-8,FALSE,0.794006535,1_Pathogenic,,
SMAD3,SMAD3_Arg279Lys,2025_03_Batch_15-16,FALSE,0.793516329,1_Pathogenic,,
ALAS2,ALAS2_Gly254Ser,2024_01_Batch_7-8,FALSE,0.791963888,1_Pathogenic,,
SMAD3,SMAD3_Leu219Phe,2025_03_Batch_15-16,FALSE,0.791912998,3_Conflicting,,
DCX,DCX_Ala251Ser,2024_01_Batch_7-8,FALSE,0.790460485,1_Pathogenic,,
SMAD3,SMAD3_Tyr364Cys,2025_03_Batch_15-16,FALSE,0.790095767,3_Conflicting,,
DES,DES_Arg227Cys,2024_01_Batch_7-8,FALSE,0.79006446,3_Conflicting,,
ABCD1,ABCD1_Arg518Gln,2025_01_Batch_13-14,FALSE,0.789001098,1_Pathogenic,,
KRT6A,KRT6A_Asn171Thr,2024_01_Batch_7-8,FALSE,0.788444054,5_Others,,
GALE,GALE_Arg239Trp,2024_01_Batch_7-8,FALSE,0.787623544,1_Pathogenic,,
KLHL3,KLHL3_Glu85Ala,2024_01_Batch_7-8,FALSE,0.786994826,1_Pathogenic,,
BRAF,BRAF_Leu245Phe,2025_01_Batch_13-14,FALSE,0.786695924,1_Pathogenic,,
GRN,GRN_Ala324Thr,2024_01_Batch_7-8,FALSE,0.7861898,3_Conflicting,,
FARS2,FARS2_Leu371Phe,2025_01_Batch_13-14,FALSE,0.785854068,1_Pathogenic,,
SDHD,SDHD_Gly106Val,2025_01_Batch_13-14,FALSE,0.784553336,1_Pathogenic,,
GFAP,GFAP_Glu205Lys,2025_03_Batch_15-16,FALSE,0.784088624,3_Conflicting,,
KCTD1,KCTD1_Gly62Asp,2024_01_Batch_7-8,FALSE,0.783957634,1_Pathogenic,,
TH,TH_Asp267His,2024_01_Batch_7-8,FALSE,0.782920862,4_VUS,,
RET,RET_Arg313Gln,2025_01_Batch_13-14,FALSE,0.782304212,4_VUS,,
KCTD1,KCTD1_His33Pro,2024_01_Batch_7-8,FALSE,0.781677498,1_Pathogenic,,
THAP1,THAP1_Lys24Glu,2024_01_Batch_7-8,FALSE,0.781252321,1_Pathogenic,,
KCTD1,KCTD1_Ala30Glu,2024_01_Batch_7-8,FALSE,0.781115302,1_Pathogenic,,
TTPA,TTPA_Arg192His,2024_01_Batch_7-8,FALSE,0.780140593,3_Conflicting,,
ALAS2,ALAS2_Asp122Asn,2024_01_Batch_7-8,FALSE,0.778879312,1_Pathogenic,,
SDHD,SDHD_Ala90Glu,2025_01_Batch_13-14,FALSE,0.778173145,3_Conflicting,,
COMP,COMP_Thr585Met,2024_01_Batch_7-8,FALSE,0.777343193,1_Pathogenic,,
RAF1,RAF1_Thr491Arg,2025_01_Batch_13-14,FALSE,0.776832502,1_Pathogenic,,
SMAD3,SMAD3_Arg385Thr,2025_03_Batch_15-16,FALSE,0.775890366,1_Pathogenic,,
DCX,DCX_Arg89Gly,2024_01_Batch_7-8,FALSE,0.775669614,1_Pathogenic,,
BCL10,BCL10_Ala5Ser,2025_01_Batch_13-14,FALSE,0.77555735,2_Benign,,
GMPPB,GMPPB_Pro22Ser,2024_01_Batch_7-8,FALSE,0.774191247,1_Pathogenic,,
LMNA,LMNA_Arg335Trp,2025_01_Batch_13-14,FALSE,0.774163034,1_Pathogenic,,
STAR,STAR_Arg188Cys,2024_01_Batch_7-8,FALSE,0.773767095,1_Pathogenic,,
NCF2,NCF2_Asp108Val,2024_01_Batch_7-8,FALSE,0.77360855,4_VUS,,
SDHD,SDHD_His102Arg,2025_01_Batch_13-14,FALSE,0.773098814,1_Pathogenic,,
RAF1,RAF1_Ser427Gly,2025_01_Batch_13-14,FALSE,0.771429276,2_Benign,,
KCTD1,KCTD1_His74Pro,2024_01_Batch_7-8,FALSE,0.77118849,1_Pathogenic,,
RET,RET_Arg67His,2025_01_Batch_13-14,FALSE,0.770460921,2_Benign,,
GCK,GCK_Gly44Asp,2024_01_Batch_7-8,FALSE,0.770334803,1_Pathogenic,,
FH,FH_Arg233Cys,2025_01_Batch_13-14,FALSE,0.770176375,1_Pathogenic,,
TH,TH_Ile219Thr,2024_01_Batch_7-8,FALSE,0.769611785,1_Pathogenic,,
KCTD1,KCTD1_Val248Ile,2024_01_Batch_7-8,FALSE,0.769507502,3_Conflicting,,
SHOC2,SHOC2_Asn527Ser,2025_01_Batch_13-14,FALSE,0.769346856,6_No_ClinVar,,
GCK,GCK_Met381Arg,2024_01_Batch_7-8,FALSE,0.768879246,1_Pathogenic,,
F9,F9_Ala233Thr,2025_01_Batch_13-14,FALSE,0.768831924,1_Pathogenic,,
HPRT1,HPRT1_Ala161Ser,2024_01_Batch_7-8,FALSE,0.768742875,1_Pathogenic,,
FARS2,FARS2_Thr246Met,2025_01_Batch_13-14,FALSE,0.767884526,2_Benign,,
KRT6A,KRT6A_Asn171Ser,2024_01_Batch_7-8,FALSE,0.765442415,1_Pathogenic,,
KCTD7,KCTD7_Arg184Cys,2024_01_Batch_7-8,FALSE,0.764811718,1_Pathogenic,,
RET,RET_Leu56Met,2025_01_Batch_13-14,FALSE,0.762678768,3_Conflicting,,
TPM1,TPM1_Lys248Glu,2025_03_Batch_15-16,FALSE,0.761612103,1_Pathogenic,,
PMP22,PMP22_Arg157Trp,2024_01_Batch_7-8,FALSE,0.761434842,1_Pathogenic,,
ALAS2,ALAS2_Lys262Gln,2024_01_Batch_7-8,FALSE,0.76049278,1_Pathogenic,,
RPS19,RPS19_Arg62Trp,2025_01_Batch_13-14,FALSE,0.760055002,1_Pathogenic,,
RAF1,RAF1_Cys95Trp,2025_01_Batch_13-14,FALSE,0.759963584,1_Pathogenic,,
GCK,GCK_Arg377His,2024_01_Batch_7-8,FALSE,0.759726258,1_Pathogenic,,
KRAS,KRAS_Phe156Ile,2025_01_Batch_13-14,FALSE,0.759523539,1_Pathogenic,,
TH,TH_Arg306His,2024_01_Batch_7-8,FALSE,0.756912297,3_Conflicting,,
BRIP1,BRIP1_Arg848His,2025_01_Batch_13-14,FALSE,0.756318462,3_Conflicting,,
AGXT,AGXT_Arg118Cys,2024_01_Batch_7-8,FALSE,0.755343728,3_Conflicting,,
RAF1,RAF1_Asn140His,2025_01_Batch_13-14,FALSE,0.754411109,1_Pathogenic,,
KRAS,KRAS_Gly13Asp,2025_01_Batch_13-14,FALSE,0.7540548,1_Pathogenic,,
DES,DES_Pro419Ser,2024_01_Batch_7-8,FALSE,0.754006192,1_Pathogenic,,
SMAD3,SMAD3_Ser355Leu,2025_03_Batch_15-16,FALSE,0.753336498,4_VUS,,
DES,DES_Pro433Thr,2024_01_Batch_7-8,FALSE,0.752595832,4_VUS,,
TPM1,TPM1_Lys37Glu,2025_03_Batch_15-16,FALSE,0.752393474,4_VUS,,
FARS2,FARS2_Asn280Ser,2025_01_Batch_13-14,FALSE,0.752332422,2_Benign,,
SHOC2,SHOC2_Glu13Ala,2025_01_Batch_13-14,FALSE,0.751878123,6_No_ClinVar,,
GCK,GCK_Arg303Trp,2024_01_Batch_7-8,FALSE,0.75176228,1_Pathogenic,,
KLHL3,KLHL3_Met78Val,2024_01_Batch_7-8,FALSE,0.751687372,1_Pathogenic,,
BAG3,BAG3_Arg218Trp,2025_03_Batch_15-16,FALSE,0.751614029,3_Conflicting,,
BRAF,BRAF_Lys499Asn,2025_01_Batch_13-14,FALSE,0.751504575,1_Pathogenic,,
TPM1,TPM1_Lys15Asn,2025_03_Batch_15-16,FALSE,0.75138908,3_Conflicting,,
SDHD,SDHD_Ala90Val,2025_01_Batch_13-14,FALSE,0.751374876,3_Conflicting,,
RET,RET_Thr338Ile,2025_01_Batch_13-14,FALSE,0.751261914,3_Conflicting,,
TH,TH_Gln381Lys,2024_01_Batch_7-8,FALSE,0.751068469,1_Pathogenic,,
AGXT,AGXT_Asn22Ser,2024_01_Batch_7-8,FALSE,0.749481152,2_Benign,,
F9,F9_Arg226Gln,2025_01_Batch_13-14,FALSE,0.7494366,1_Pathogenic,,
GFAP,GFAP_Glu210Lys,2025_03_Batch_15-16,FALSE,0.748405516,5_Others,,
F9,F9_Ile443Thr,2025_01_Batch_13-14,FALSE,0.747902436,1_Pathogenic,,
SMAD3,SMAD3_Pro263Ala,2025_03_Batch_15-16,FALSE,0.747566873,1_Pathogenic,,
FOXP3,FOXP3_Gly52Val,2025_03_Batch_15-16,FALSE,0.74594232,2_Benign,,
BRCA1,BRCA1_Cys64Ser,2025_01_Batch_13-14,FALSE,0.745237955,1_Pathogenic,,
AGXT,AGXT_Ala280Val,2024_01_Batch_7-8,FALSE,0.744523991,2_Benign,,
HBD,HBD_Arg105Ser,2024_01_Batch_7-8,FALSE,0.744149733,5_Others,,
MLH1,MLH1_Ile36Met,2024_12_Batch_11-12,FALSE,0.743273096,4_VUS,,
SMAD3,SMAD3_Pro263Leu,2025_03_Batch_15-16,FALSE,0.742942394,3_Conflicting,,
AMPD2,AMPD2_Glu697Asp,2024_01_Batch_7-8,FALSE,0.742627332,1_Pathogenic,,
NEXN,NEXN_Tyr544Cys,2024_01_Batch_7-8,FALSE,0.742512886,3_Conflicting,,
BAP1,BAP1_Thr93Ala,2025_01_Batch_13-14,FALSE,0.741791524,4_VUS,,
KLHL3,KLHL3_Ala77Glu,2024_01_Batch_7-8,FALSE,0.741262279,1_Pathogenic,,
AGXT,AGXT_Pro319Leu,2024_01_Batch_7-8,FALSE,0.741185572,1_Pathogenic,,
HPRT1,HPRT1_Asp194Glu,2024_01_Batch_7-8,FALSE,0.738580328,1_Pathogenic,,
F9,F9_Arg379Gln,2025_01_Batch_13-14,FALSE,0.738382086,1_Pathogenic,,
FARS2,FARS2_Arg419Cys,2025_01_Batch_13-14,FALSE,0.738203588,1_Pathogenic,,
CFP,CFP_Tyr414Asp,2025_03_Batch_15-16,FALSE,0.737232853,1_Pathogenic,,
GCM2,GCM2_Gly63Ser,2024_01_Batch_7-8,FALSE,0.7369267,1_Pathogenic,,
FARS2,FARS2_Ile329Thr,2025_01_Batch_13-14,FALSE,0.735934311,1_Pathogenic,,
RAD51D,RAD51D_Val66Leu,2025_01_Batch_13-14,FALSE,0.734489731,3_Conflicting,,
F9,F9_Pro175Ser,2025_01_Batch_13-14,FALSE,0.734416306,2_Benign,,
BRAF,BRAF_Val487Gly,2025_01_Batch_13-14,FALSE,0.733337236,1_Pathogenic,,
TH,TH_Pro2Leu,2024_01_Batch_7-8,FALSE,0.733315913,3_Conflicting,,
F9,F9_Arg191His,2025_01_Batch_13-14,FALSE,0.732792958,1_Pathogenic,,
ALAS2,ALAS2_Phe128Leu,2024_01_Batch_7-8,FALSE,0.732685467,1_Pathogenic,,
KRAS,KRAS_Gly60Ser,2025_01_Batch_13-14,FALSE,0.731031505,1_Pathogenic,,
DES,DES_His243Tyr,2024_01_Batch_7-8,FALSE,0.730912292,4_VUS,,
FARS2,FARS2_Asp325Tyr,2025_01_Batch_13-14,FALSE,0.730254156,1_Pathogenic,,
SMAD3,SMAD3_Asp408His,2025_03_Batch_15-16,FALSE,0.728435019,3_Conflicting,,
DES,DES_Arg37Trp,2024_01_Batch_7-8,FALSE,0.728434486,4_VUS,,
TPM1,TPM1_Ala239Thr,2025_03_Batch_15-16,FALSE,0.728351443,4_VUS,,
TPM1,TPM1_Ile172Thr,2025_03_Batch_15-16,FALSE,0.728326557,4_VUS,,
ABCD1,ABCD1_Arg389Gly,2025_01_Batch_13-14,FALSE,0.728211538,1_Pathogenic,,
THAP1,THAP1_Gly9Cys,2024_01_Batch_7-8,FALSE,0.728204841,1_Pathogenic,,
GCK,GCK_Ala387Glu,2024_01_Batch_7-8,FALSE,0.727792412,1_Pathogenic,,
AGXT,AGXT_Ala186Val,2024_01_Batch_7-8,FALSE,0.727628292,2_Benign,,
HPRT1,HPRT1_Pro176Leu,2024_01_Batch_7-8,FALSE,0.727137521,1_Pathogenic,,
DES,DES_Ser424Phe,2024_01_Batch_7-8,FALSE,0.726509461,4_VUS,,
PYGL,PYGL_Thr586Met,2024_01_Batch_7-8,FALSE,0.726431284,3_Conflicting,,
SMAD3,SMAD3_Arg323His,2025_03_Batch_15-16,FALSE,0.725013395,3_Conflicting,,
GLYCTK,GLYCTK_His490Tyr,2024_01_Batch_7-8,FALSE,0.724893271,2_Benign,,
FARS2,FARS2_Gly3Val,2025_01_Batch_13-14,FALSE,0.724829284,2_Benign,,
TH,TH_Leu205Pro,2024_01_Batch_7-8,FALSE,0.722988106,1_Pathogenic,,
AGXT,AGXT_Met195Leu,2024_01_Batch_7-8,FALSE,0.722358616,1_Pathogenic,,
BAP1,BAP1_Leu49Pro,2025_01_Batch_13-14,FALSE,0.722220886,1_Pathogenic,,
AGXT,AGXT_Pro11His,2024_01_Batch_7-8,FALSE,0.7217888,3_Conflicting,,
FH,FH_Arg233Leu,2025_01_Batch_13-14,FALSE,0.721433452,1_Pathogenic,,
BRIP1,BRIP1_His587Arg,2025_01_Batch_13-14,FALSE,0.72071591,3_Conflicting,,
TMEM43,TMEM43_Arg28Trp,2025_03_Batch_15-16,FALSE,0.719656688,2_Benign,,
MVK,MVK_Pro288Leu,2024_12_Batch_11-12,FALSE,0.719349846,4_VUS,,
KRAS,KRAS_Thr58Ile,2025_01_Batch_13-14,FALSE,0.718751823,1_Pathogenic,,
SFTPC,SFTPC_Arg167Gln,2024_01_Batch_7-8,FALSE,0.718749019,3_Conflicting,,
RAD51D,RAD51D_Arg55Trp,2025_01_Batch_13-14,FALSE,0.717544073,3_Conflicting,,
MVK,MVK_Thr209Ala,2024_01_Batch_7-8,FALSE,0.716534591,5_Others,,
SHOC2,SHOC2_Gly53Arg,2025_01_Batch_13-14,FALSE,0.714392616,1_Pathogenic,,
BCL10,BCL10_Leu8Leu,2025_01_Batch_13-14,FALSE,0.714005351,2_Benign,,
CTCF,CTCF_Arg342Cys,2025_01_Batch_13-14,FALSE,0.713833768,1_Pathogenic,,
TH,TH_Val468Met,2024_01_Batch_7-8,FALSE,0.712355153,3_Conflicting,,
F9,F9_Glu73Val,2025_01_Batch_13-14,FALSE,0.71182035,1_Pathogenic,,
SMAD3,SMAD3_Ile170Val,2025_03_Batch_15-16,FALSE,0.711784528,2_Benign,,
AGXT,AGXT_Phe152Ile,2024_01_Batch_7-8,FALSE,0.711672224,1_Pathogenic,,
COMP,COMP_Asp605Asn,2024_01_Batch_7-8,FALSE,0.710602699,5_Others,,
SMAD3,SMAD3_Ser423Arg,2025_03_Batch_15-16,FALSE,0.710555077,4_VUS,,
DES,DES_His441Leu,2024_01_Batch_7-8,FALSE,0.710053079,4_VUS,,
SFTPC,SFTPC_Val39Leu,2024_01_Batch_7-8,FALSE,0.709700278,3_Conflicting,,
ALAS2,ALAS2_Arg374Cys,2024_01_Batch_7-8,FALSE,0.708775967,1_Pathogenic,,
BAP1,BAP1_Pro12Thr,2025_01_Batch_13-14,FALSE,0.707825092,1_Pathogenic,,
F9,F9_Asp110Asn,2025_01_Batch_13-14,FALSE,0.707668051,1_Pathogenic,,
AGXT,AGXT_Ala248Ser,2024_01_Batch_7-8,FALSE,0.707378461,3_Conflicting,,
TH,TH_Thr283Met,2024_01_Batch_7-8,FALSE,0.707374948,4_VUS,,
TPM1,TPM1_Ala63Val,2025_03_Batch_15-16,FALSE,0.707130399,1_Pathogenic,,
DCX,DCX_Arg186His,2024_01_Batch_7-8,FALSE,0.706695661,3_Conflicting,,
AGXT,AGXT_Arg111Gln,2024_01_Batch_7-8,FALSE,0.704013177,1_Pathogenic,,
SHOC2,SHOC2_Thr205Ala,2025_01_Batch_13-14,FALSE,0.70372639,2_Benign,,
PMP22,PMP22_Arg157Gly,2024_01_Batch_7-8,FALSE,0.703276594,4_VUS,,
NCF2,NCF2_Arg188Lys,2024_01_Batch_7-8,FALSE,0.703006662,3_Conflicting,,
F9,F9_Thr194Ala,2025_01_Batch_13-14,FALSE,0.702779342,2_Benign,,
THAP1,THAP1_Val193Ile,2024_01_Batch_7-8,FALSE,0.701085203,3_Conflicting,,
GSS,GSS_Pro314Leu,2024_01_Batch_7-8,FALSE,0.699596301,3_Conflicting,,
DIABLO,DIABLO_Ile59Val,2024_01_Batch_7-8,FALSE,0.699307688,2_Benign,,
GALE,GALE_Lys257Arg,2024_01_Batch_7-8,FALSE,0.699173281,3_Conflicting,,
COMP,COMP_Asn555Lys,2024_01_Batch_7-8,FALSE,0.698559355,5_Others,,
TPM1,TPM1_Ala277Val,2025_03_Batch_15-16,FALSE,0.697575872,4_VUS,,
BRAF,BRAF_Gln262Lys,2025_01_Batch_13-14,FALSE,0.697271993,1_Pathogenic,,
LITAF,LITAF_Gly53Ala,2025_03_Batch_15-16,FALSE,0.697130483,4_VUS,,
SERPINF1,SERPINF1_Thr72Met,2024_01_Batch_7-8,FALSE,0.697006775,2_Benign,,
SMAD3,SMAD3_Arg268Cys,2025_03_Batch_15-16,FALSE,0.696442735,1_Pathogenic,,
G6PD,G6PD_Gly378Ser,2025_01_Batch_13-14,FALSE,0.696318093,3_Conflicting,,
COMP,COMP_Thr529Ile,2024_01_Batch_7-8,FALSE,0.695637419,4_VUS,,
ALAS2,ALAS2_Ala135Thr,2024_01_Batch_7-8,FALSE,0.695004461,1_Pathogenic,,
BRIP1,BRIP1_Val76Ile,2025_01_Batch_13-14,FALSE,0.694353852,3_Conflicting,,
GRN,GRN_Ser120Tyr,2024_01_Batch_7-8,FALSE,0.69274425,2_Benign,,
F9,F9_Asp410His,2025_01_Batch_13-14,FALSE,0.69232035,1_Pathogenic,,
DES,DES_Val56Leu,2024_01_Batch_7-8,FALSE,0.690794294,4_VUS,,
ALAS2,ALAS2_Ser531Gly,2024_01_Batch_7-8,FALSE,0.68986915,1_Pathogenic,,
AGXT,AGXT_Arg197Gln,2024_01_Batch_7-8,FALSE,0.689703231,2_Benign,,
UBQLN2,UBQLN2_Pro497Ser,2024_01_Batch_7-8,FALSE,0.689557968,1_Pathogenic,,
GRN,GRN_Thr182Met,2024_01_Batch_7-8,FALSE,0.689455782,2_Benign,,
TPM1,TPM1_Glu23Gln,2025_03_Batch_15-16,FALSE,0.689399585,4_VUS,,
BRIP1,BRIP1_Ser520Thr,2025_01_Batch_13-14,FALSE,0.689245961,3_Conflicting,,
GFAP,GFAP_Pro47Leu,2025_03_Batch_15-16,FALSE,0.688824549,2_Benign,,
GALE,GALE_Val94Met,2024_01_Batch_7-8,FALSE,0.688642253,1_Pathogenic,,
SH3BP2,SH3BP2_Pro418Arg,2024_01_Batch_7-8,FALSE,0.688491113,1_Pathogenic,,
MVK,MVK_Val250Ile,2024_01_Batch_7-8,FALSE,0.688251443,1_Pathogenic,,
TPK1,TPK1_Asn50His,2024_01_Batch_7-8,FALSE,0.688099939,1_Pathogenic,,
F9,F9_His282Tyr,2025_01_Batch_13-14,FALSE,0.687863751,2_Benign,,
AGXT,AGXT_Ile340Met,2024_01_Batch_7-8,FALSE,0.687227972,2_Benign,,
MVK,MVK_Arg106His,2024_01_Batch_7-8,FALSE,0.686531504,4_VUS,,
BRCA1,BRCA1_Leu660Pro,2025_01_Batch_13-14,FALSE,0.685848269,1_Pathogenic,,
GYG1,GYG1_Ala16Thr,2024_01_Batch_7-8,FALSE,0.685076759,3_Conflicting,,
MVK,MVK_Ile268Val,2024_01_Batch_7-8,FALSE,0.684605449,3_Conflicting,,
HBD,HBD_Asp100Asn,2024_01_Batch_7-8,FALSE,0.684290517,5_Others,,
PYGL,PYGL_Leu739Met,2024_01_Batch_7-8,FALSE,0.683015598,4_VUS,,
THAP1,THAP1_Lys89Arg,2024_01_Batch_7-8,FALSE,0.682853793,4_VUS,,
TPM1,TPM1_Glu54Lys,2025_03_Batch_15-16,FALSE,0.682603488,3_Conflicting,,
RAF1,RAF1_Thr145Pro,2025_01_Batch_13-14,FALSE,0.682434211,1_Pathogenic,,
RAF1,RAF1_Thr491Ile,2025_01_Batch_13-14,FALSE,0.682051748,1_Pathogenic,,
BRIP1,BRIP1_Leu195Pro,2025_01_Batch_13-14,FALSE,0.68144979,2_Benign,,
SHOC2,SHOC2_Ser57Phe,2025_01_Batch_13-14,FALSE,0.680691873,3_Conflicting,,
BRAF,BRAF_Asp565Glu,2025_01_Batch_13-14,FALSE,0.680228841,1_Pathogenic,,
BAP1,BAP1_Thr423Lys,2025_01_Batch_13-14,FALSE,0.679912058,2_Benign,,
SHOC2,SHOC2_Ile112Thr,2025_01_Batch_13-14,FALSE,0.679301595,6_No_ClinVar,,
DES,DES_Gln131Lys,2024_01_Batch_7-8,FALSE,0.678981505,4_VUS,,
MYOZ2,MYOZ2_Ser48Pro,2024_01_Batch_7-8,FALSE,0.678630386,1_Pathogenic,,
TTPA,TTPA_Ala120Thr,2024_01_Batch_7-8,FALSE,0.678200223,1_Pathogenic,,
F9,F9_Ile136Thr,2025_01_Batch_13-14,FALSE,0.678042812,1_Pathogenic,,
DCX,DCX_Met1Thr,2024_01_Batch_7-8,FALSE,0.67777827,1_Pathogenic,,
TPM1,TPM1_Ser215Leu,2025_03_Batch_15-16,FALSE,0.677725764,1_Pathogenic,,
STAR,STAR_Arg182Leu,2024_01_Batch_7-8,FALSE,0.676954499,1_Pathogenic,,
AGXT,AGXT_Arg381Lys,2024_01_Batch_7-8,FALSE,0.676581759,3_Conflicting,,
DES,DES_Arg212Gln,2024_01_Batch_7-8,FALSE,0.674487173,3_Conflicting,,
MVK,MVK_Pro167Leu,2024_01_Batch_7-8,FALSE,0.673916314,1_Pathogenic,,
BRAF,BRAF_Phe468Ser,2025_01_Batch_13-14,FALSE,0.673110776,1_Pathogenic,,
SHOC2,SHOC2_Gln269Arg,2025_01_Batch_13-14,FALSE,0.672300505,6_No_ClinVar,,
DES,DES_Thr445Ala,2024_01_Batch_7-8,FALSE,0.672289031,4_VUS,,
LITAF,LITAF_Pro34Thr,2025_03_Batch_15-16,FALSE,0.671023993,4_VUS,,
TPM1,TPM1_Arg160His,2025_03_Batch_15-16,FALSE,0.670447838,1_Pathogenic,,
CUL3,CUL3_Lys459Arg,2025_03_Batch_15-16,FALSE,0.67037228,1_Pathogenic,,
FTH1,FTH1_Lys54Arg,2024_01_Batch_7-8,FALSE,0.670067264,2_Benign,,
SMAD3,SMAD3_Glu284Gln,2025_03_Batch_15-16,FALSE,0.669505054,4_VUS,,
SH3BP2,SH3BP2_Pro418His,2024_01_Batch_7-8,FALSE,0.66927009,1_Pathogenic,,
F9,F9_Ser220Thr,2025_01_Batch_13-14,FALSE,0.669060478,2_Benign,,
F9,F9_Arg384Leu,2025_01_Batch_13-14,FALSE,0.668344268,1_Pathogenic,,
MVK,MVK_Pro165Leu,2024_01_Batch_7-8,FALSE,0.668159907,1_Pathogenic,,
TH,TH_Ala226Thr,2024_01_Batch_7-8,FALSE,0.667716597,4_VUS,,
POMT1,POMT1_Asn144Asp,2024_01_Batch_7-8,FALSE,0.665934119,1_Pathogenic,,
GYG1,GYG1_Arg33Lys,2024_01_Batch_7-8,FALSE,0.665431025,3_Conflicting,,
BRAF,BRAF_Glu501Val,2025_01_Batch_13-14,FALSE,0.665239791,1_Pathogenic,,
FARS2,FARS2_Asp142Tyr,2025_01_Batch_13-14,FALSE,0.665143401,1_Pathogenic,,
TMEM43,TMEM43_Tyr371His,2025_03_Batch_15-16,FALSE,0.665091432,3_Conflicting,,
RAD51D,RAD51D_Ser46Cys,2025_01_Batch_13-14,FALSE,0.664746623,3_Conflicting,,
F9,F9_Glu73Lys,2025_01_Batch_13-14,FALSE,0.664603297,6_No_ClinVar,,
MVK,MVK_His20Pro,2024_01_Batch_7-8,FALSE,0.662372526,1_Pathogenic,,
BAP1,BAP1_Arg718Gln,2025_01_Batch_13-14,FALSE,0.662080014,4_VUS,,
F9,F9_Val257Ile,2025_01_Batch_13-14,FALSE,0.660639892,3_Conflicting,,
DES,DES_Ala213Val,2024_01_Batch_7-8,FALSE,0.66014998,3_Conflicting,,
TH,TH_Gln39Glu,2024_01_Batch_7-8,FALSE,0.660045665,4_VUS,,
RAF1,RAF1_Phe22Leu,2025_01_Batch_13-14,FALSE,0.659480519,2_Benign,,
TPM1,TPM1_Met281Thr,2025_03_Batch_15-16,FALSE,0.659227846,1_Pathogenic,,
NCF2,NCF2_Asp93Glu,2024_01_Batch_7-8,FALSE,0.659169839,5_Others,,
TPM1,TPM1_Asp230Asn,2025_03_Batch_15-16,FALSE,0.659113454,1_Pathogenic,,
G6PD,G6PD_Glu398Lys,2025_01_Batch_13-14,FALSE,0.657933677,1_Pathogenic,,
NCF2,NCF2_Val297Ala,2024_01_Batch_7-8,FALSE,0.657332988,2_Benign,,
DES,DES_Ala397Thr,2024_01_Batch_7-8,FALSE,0.656687126,4_VUS,,
GSS,GSS_Arg125Cys,2025_01_Batch_13-14,FALSE,0.656089492,1_Pathogenic,,
GLYCTK,GLYCTK_Phe493Cys,2024_01_Batch_7-8,FALSE,0.655086721,3_Conflicting,,
BAG3,BAG3_Arg258Trp,2025_03_Batch_15-16,FALSE,0.654426797,2_Benign,,
POMT1,POMT1_Ala647Thr,2024_01_Batch_7-8,FALSE,0.654351473,1_Pathogenic,,
FARS2,FARS2_Tyr144Cys,2025_01_Batch_13-14,FALSE,0.654040389,1_Pathogenic,,
ALAS2,ALAS2_Tyr549Phe,2024_01_Batch_7-8,FALSE,0.653772005,3_Conflicting,,
CTCF,CTCF_Tyr407Cys,2025_01_Batch_13-14,FALSE,0.653493074,1_Pathogenic,,
F9,F9_Ile7Phe,2025_01_Batch_13-14,FALSE,0.653265063,2_Benign,,
HPRT1,HPRT1_Asp194Asn,2024_01_Batch_7-8,FALSE,0.651989142,1_Pathogenic,,
BRAF,BRAF_Leu485Phe,2025_01_Batch_13-14,FALSE,0.651728068,1_Pathogenic,,
F9,F9_Glu27Lys,2025_01_Batch_13-14,FALSE,0.651488176,6_No_ClinVar,,
HPRT1,HPRT1_Gly140Asp,2024_01_Batch_7-8,FALSE,0.65101474,4_VUS,,
STAR,STAR_Arg182His,2024_01_Batch_7-8,FALSE,0.650676183,1_Pathogenic,,
FBP1,FBP1_Met289Leu,2024_01_Batch_7-8,FALSE,0.650486928,2_Benign,,
F9,F9_Val195Gly,2025_01_Batch_13-14,FALSE,0.648813129,2_Benign,,
FARS2,FARS2_Ala166Thr,2025_01_Batch_13-14,FALSE,0.648385339,3_Conflicting,,
BAP1,BAP1_Cys91Ser,2025_01_Batch_13-14,FALSE,0.648004316,1_Pathogenic,,
DES,DES_Ser46Tyr,2024_01_Batch_7-8,FALSE,0.645760737,1_Pathogenic,,
DES,DES_Ala135Val,2024_01_Batch_7-8,FALSE,0.645607746,3_Conflicting,,
F9,F9_Pro197Ser,2025_01_Batch_13-14,FALSE,0.645210155,2_Benign,,
F9,F9_Arg384Pro,2025_01_Batch_13-14,FALSE,0.645031309,1_Pathogenic,,
MVK,MVK_Pro200Ser,2024_01_Batch_7-8,FALSE,0.644604451,4_VUS,,
AGXT,AGXT_Asp129His,2024_01_Batch_7-8,FALSE,0.643884576,4_VUS,,
KRT2,KRT2_Asn186Tyr,2024_01_Batch_7-8,FALSE,0.643782879,1_Pathogenic,,
TH,TH_Glu27Asp,2024_01_Batch_7-8,FALSE,0.642994232,3_Conflicting,,
SUCLA2,SUCLA2_Pro230Ser,2024_01_Batch_7-8,FALSE,0.642378088,2_Benign,,
FBP1,FBP1_Asn213Lys,2024_01_Batch_7-8,FALSE,0.641821208,6_No_ClinVar,,
DES,DES_Gly44Ser,2024_01_Batch_7-8,FALSE,0.641608328,3_Conflicting,,
CTH,CTH_Ser403Ile,2025_03_Batch_15-16,FALSE,0.640514993,2_Benign,,
SHOC2,SHOC2_Glu25Gly,2025_01_Batch_13-14,FALSE,0.640384179,6_No_ClinVar,,
IRAK4,IRAK4_Ala428Thr,2024_01_Batch_7-8,FALSE,0.63845379,2_Benign,,
HPRT1,HPRT1_Gly58Arg,2024_01_Batch_7-8,FALSE,0.637798104,1_Pathogenic,,
FOXP3,FOXP3_Pro187Leu,2025_03_Batch_15-16,FALSE,0.637493245,6_No_ClinVar,,
GCM2,GCM2_Gly203Ser,2024_01_Batch_7-8,FALSE,0.637444009,2_Benign,,
MVK,MVK_Arg388Gln,2024_01_Batch_7-8,FALSE,0.637037418,4_VUS,,
SFTPC,SFTPC_Val48Met,2024_01_Batch_7-8,FALSE,0.637035861,3_Conflicting,,
MVK,MVK_Asn205Asp,2024_01_Batch_7-8,FALSE,0.636353457,1_Pathogenic,,
DES,DES_Arg222His,2024_01_Batch_7-8,FALSE,0.6362207,3_Conflicting,,
RAF1,RAF1_Asp381Asn,2025_01_Batch_13-14,FALSE,0.635165657,2_Benign,,
HBD,HBD_Asn58Lys,2024_01_Batch_7-8,FALSE,0.63514841,5_Others,,
PYGL,PYGL_Glu673Lys,2024_01_Batch_7-8,FALSE,0.633932223,4_VUS,,
DIABLO,DIABLO_Gly224Arg,2024_01_Batch_7-8,FALSE,0.633708304,2_Benign,,
AGXT,AGXT_Ala295Thr,2024_01_Batch_7-8,FALSE,0.633498246,3_Conflicting,,
FARS2,FARS2_His135Asp,2025_01_Batch_13-14,FALSE,0.632996568,1_Pathogenic,,
TPM1,TPM1_Val95Ala,2025_03_Batch_15-16,FALSE,0.632853057,1_Pathogenic,,
DES,DES_Gly84Ser,2024_01_Batch_7-8,FALSE,0.630946663,3_Conflicting,,
IL2RG,IL2RG_Arg285Gln,2024_01_Batch_7-8,FALSE,0.630870365,1_Pathogenic,,
FARS2,FARS2_Ser57Cys,2025_01_Batch_13-14,FALSE,0.630662734,2_Benign,,
PHYH,PHYH_Gln176Lys,2025_03_Batch_15-16,FALSE,0.629777591,1_Pathogenic,,
MVK,MVK_Val278Met,2024_01_Batch_7-8,FALSE,0.629639082,4_VUS,,
KRT6A,KRT6A_Val523Phe,2024_01_Batch_7-8,FALSE,0.629055676,2_Benign,,
HPRT1,HPRT1_Ile132Met,2024_01_Batch_7-8,FALSE,0.627707061,1_Pathogenic,,
PYGL,PYGL_Val456Met,2024_01_Batch_7-8,FALSE,0.627527695,1_Pathogenic,,
KRT2,KRT2_Glu488Lys,2024_01_Batch_7-8,FALSE,0.626876316,1_Pathogenic,,
RAF1,RAF1_Asn71Ser,2025_01_Batch_13-14,FALSE,0.626420751,2_Benign,,
CTCF,CTCF_Asp46Asn,2025_01_Batch_13-14,FALSE,0.626137533,2_Benign,,
TPM1,TPM1_Ala166Thr,2025_03_Batch_15-16,FALSE,0.625871065,1_Pathogenic,,
DES,DES_Ala237Thr,2024_01_Batch_7-8,FALSE,0.625223589,4_VUS,,
TMEM43,TMEM43_Ala366Thr,2025_03_Batch_15-16,FALSE,0.623717022,2_Benign,,
AGXT,AGXT_Pro11Leu,2024_01_Batch_7-8,FALSE,0.623393083,2_Benign,,
SMAD3,SMAD3_Val294Met,2025_03_Batch_15-16,FALSE,0.622659824,4_VUS,,
DES,DES_Ser298Leu,2024_01_Batch_7-8,FALSE,0.62020382,3_Conflicting,,
DES,DES_Asp312Ala,2024_01_Batch_7-8,FALSE,0.619795877,3_Conflicting,,
TPM1,TPM1_Leu185Arg,2025_03_Batch_15-16,FALSE,0.615941927,5_Others,,
MVK,MVK_Ile119Met,2024_01_Batch_7-8,FALSE,0.614127606,5_Others,,
MYOZ2,MYOZ2_Gln10Pro,2024_01_Batch_7-8,FALSE,0.613515075,2_Benign,,
TMEM43,TMEM43_Arg220Cys,2025_03_Batch_15-16,FALSE,0.612597552,3_Conflicting,,
AGXT,AGXT_Lys12Arg,2024_01_Batch_7-8,FALSE,0.610288614,3_Conflicting,,
WRAP53,WRAP53_Arg68Gly,2024_01_Batch_7-8,FALSE,0.608843296,2_Benign,,
DES,DES_Gly20Arg,2024_01_Batch_7-8,FALSE,0.608836503,4_VUS,,
F9,F9_His303Tyr,2025_01_Batch_13-14,FALSE,0.607880947,2_Benign,,
AGXT,AGXT_Met49Leu,2024_01_Batch_7-8,FALSE,0.60719779,3_Conflicting,,
NMNAT1,NMNAT1_Arg207Trp,2024_01_Batch_7-8,FALSE,0.606094873,1_Pathogenic,,
BAP1,BAP1_Asn290Ser,2025_01_Batch_13-14,FALSE,0.60573255,2_Benign,,
RP2,RP2_Arg282Trp,2024_01_Batch_7-8,FALSE,0.605466271,2_Benign,,
SH3BP2,SH3BP2_Pro418Leu,2024_01_Batch_7-8,FALSE,0.604947456,1_Pathogenic,,
MVK,MVK_Asp386Asn,2024_01_Batch_7-8,FALSE,0.604114735,3_Conflicting,,
TH,TH_Ile209Met,2024_01_Batch_7-8,FALSE,0.603946824,3_Conflicting,,
TPM1,TPM1_Met8Arg,2025_03_Batch_15-16,FALSE,0.603489466,1_Pathogenic,,
TPM1,TPM1_Glu40Lys,2025_03_Batch_15-16,FALSE,0.602890801,4_VUS,,
NMNAT1,NMNAT1_Asn273Asp,2024_01_Batch_7-8,FALSE,0.602687967,1_Pathogenic,,
MYOZ2,MYOZ2_Ile246Met,2024_01_Batch_7-8,FALSE,0.601977079,2_Benign,,
GATA2,GATA2_Pro41Ala,2024_01_Batch_7-8,FALSE,0.60047698,3_Conflicting,,
F9,F9_Val227Ile,2025_01_Batch_13-14,FALSE,0.599881453,2_Benign,,
F9,F9_Gly357Arg,2025_01_Batch_13-14,FALSE,0.59849726,1_Pathogenic,,
TH,TH_Arg89Arg,2024_01_Batch_7-8,FALSE,0.598361587,2_Benign,,
GALE,GALE_Asp103Gly,2024_01_Batch_7-8,FALSE,0.597854909,4_VUS,,
DES,DES_Met349Ile,2024_01_Batch_7-8,FALSE,0.597761216,4_VUS,,
MVK,MVK_His20Gln,2024_01_Batch_7-8,FALSE,0.59744247,1_Pathogenic,,
HBD,HBD_His147Arg,2024_01_Batch_7-8,FALSE,0.597361675,5_Others,,
SNIP1,SNIP1_Arg116Gln,2024_01_Batch_7-8,FALSE,0.595344723,2_Benign,,
AGXT,AGXT_Gly161Ser,2024_01_Batch_7-8,FALSE,0.595317673,1_Pathogenic,,
MVK,MVK_Val80Ile,2024_01_Batch_7-8,FALSE,0.595037351,3_Conflicting,,
TH,TH_Thr7Pro,2024_01_Batch_7-8,FALSE,0.594713808,4_VUS,,
ALAS2,ALAS2_Asp153Val,2024_01_Batch_7-8,FALSE,0.593105518,1_Pathogenic,,
F9,F9_Glu79Asp,2025_01_Batch_13-14,FALSE,0.592515731,1_Pathogenic,,
GAMT,GAMT_Asp219Asn,2024_01_Batch_7-8,FALSE,0.592350729,4_VUS,,
POMT1,POMT1_Ser515Arg,2024_01_Batch_7-8,FALSE,0.591836225,2_Benign,,
NEXN,NEXN_Arg171Cys,2024_01_Batch_7-8,FALSE,0.591019461,3_Conflicting,,
AGXT,AGXT_Arg301Cys,2024_01_Batch_7-8,FALSE,0.59022819,4_VUS,,
G6PD,G6PD_Arg365His,2025_01_Batch_13-14,FALSE,0.590061537,1_Pathogenic,,
MVK,MVK_Cys101Tyr,2024_01_Batch_7-8,FALSE,0.586851784,4_VUS,,
F9,F9_Ser411Ile,2025_01_Batch_13-14,FALSE,0.586832011,1_Pathogenic,,
NCF2,NCF2_Asn448Asp,2024_01_Batch_7-8,FALSE,0.586617707,2_Benign,,
PYGL,PYGL_Asn339Ser,2024_01_Batch_7-8,FALSE,0.586428121,1_Pathogenic,,
NMNAT1,NMNAT1_Ser255Asn,2024_01_Batch_7-8,FALSE,0.585347513,2_Benign,,
EIF2B4,EIF2B4_Arg306Gly,2024_01_Batch_7-8,FALSE,0.585252678,2_Benign,,
DES,DES_Val394Met,2024_01_Batch_7-8,FALSE,0.584415251,3_Conflicting,,
RP2,RP2_Arg118His,2024_01_Batch_7-8,FALSE,0.584111945,1_Pathogenic,,
HPRT1,HPRT1_Gly71Arg,2024_01_Batch_7-8,FALSE,0.582011685,1_Pathogenic,,
TH,TH_Arg133His,2024_01_Batch_7-8,FALSE,0.579924897,4_VUS,,
F9,F9_Arg3His,2025_01_Batch_13-14,FALSE,0.578554204,2_Benign,,
F9,F9_Gly442Arg,2025_01_Batch_13-14,FALSE,0.577482944,1_Pathogenic,,
CTCF,CTCF_Ala697Thr,2025_01_Batch_13-14,FALSE,0.575630195,3_Conflicting,,
TH,TH_Val136Met,2024_01_Batch_7-8,FALSE,0.575453178,4_VUS,,
MIP,MIP_Val67Ile,2024_01_Batch_7-8,FALSE,0.57327298,2_Benign,,
MIP,MIP_Val107Ile,2024_01_Batch_7-8,FALSE,0.573206143,2_Benign,,
PRKAR1A,PRKAR1A_Arg74His,2024_01_Batch_7-8,FALSE,0.572821474,3_Conflicting,,
FGD4,FGD4_Arg194His,2024_01_Batch_7-8,FALSE,0.571887626,4_VUS,,
SH3BP2,SH3BP2_Arg415Gln,2024_01_Batch_7-8,FALSE,0.571655432,1_Pathogenic,,
MVK,MVK_Val5Ala,2024_01_Batch_7-8,FALSE,0.569361801,4_VUS,,
CTCF,CTCF_Arg567Leu,2025_01_Batch_13-14,FALSE,0.568433648,2_Benign,,
PYGL,PYGL_Ser675Thr,2024_01_Batch_7-8,FALSE,0.567908417,5_Others,,
PYGL,PYGL_Thr59Met,2024_01_Batch_7-8,FALSE,0.567267543,2_Benign,,
CTCF,CTCF_Pro643Ser,2025_01_Batch_13-14,FALSE,0.566385712,2_Benign,,
F9,F9_Arg75Gln,2025_01_Batch_13-14,FALSE,0.563919955,1_Pathogenic,,
KRT6A,KRT6A_Thr552Ser,2024_01_Batch_7-8,FALSE,0.559528425,2_Benign,,
AGXT,AGXT_Ala248Val,2024_01_Batch_7-8,FALSE,0.558973085,3_Conflicting,,
PMP22,PMP22_His51Arg,2024_01_Batch_7-8,FALSE,0.55651298,3_Conflicting,,
POMT1,POMT1_Thr392Met,2024_01_Batch_7-8,FALSE,0.556421823,1_Pathogenic,,
NCF2,NCF2_Asn419Ile,2024_01_Batch_7-8,FALSE,0.555516508,2_Benign,,
NFU1,NFU1_Gly208Cys,2024_01_Batch_7-8,FALSE,0.553222472,1_Pathogenic,,
PSAP,PSAP_Met76Lys,2024_01_Batch_7-8,FALSE,0.552987396,3_Conflicting,,
DOLK,DOLK_Tyr441Ser,2024_01_Batch_7-8,FALSE,0.550966659,1_Pathogenic,,
HPRT1,HPRT1_Ser104Arg,2024_01_Batch_7-8,FALSE,0.550100617,1_Pathogenic,,
PYGL,PYGL_Asp629Tyr,2024_01_Batch_7-8,FALSE,0.547220551,4_VUS,,
SIX1,SIX1_Tyr129Cys,2024_01_Batch_7-8,FALSE,0.54572976,1_Pathogenic,,
PMP22,PMP22_Ala135Thr,2024_01_Batch_7-8,FALSE,0.544393998,2_Benign,,
TPM1,TPM1_Ile92Thr,2025_03_Batch_15-16,FALSE,0.543260389,3_Conflicting,,
GLYCTK,GLYCTK_Thr394Ile,2024_01_Batch_7-8,FALSE,0.543211022,2_Benign,,
NMNAT1,NMNAT1_Leu153Val,2024_01_Batch_7-8,FALSE,0.542417595,1_Pathogenic,,
UBQLN2,UBQLN2_Pro525Ser,2024_01_Batch_7-8,FALSE,0.542217843,3_Conflicting,,
SIX1,SIX1_Val106Gly,2024_01_Batch_7-8,FALSE,0.54047619,5_Others,,
GAMT,GAMT_Ala196Val,2024_01_Batch_7-8,FALSE,0.53633986,3_Conflicting,,
TMEM43,TMEM43_Arg299Thr,2025_03_Batch_15-16,FALSE,0.532314651,2_Benign,,
HBD,HBD_Pro37His,2024_01_Batch_7-8,FALSE,0.53118717,5_Others,,
BAP1,BAP1_Glu31Lys,2025_01_Batch_13-14,FALSE,0.528581712,3_Conflicting,,
F9,F9_Lys39Arg,2025_01_Batch_13-14,FALSE,0.527547097,2_Benign,,
F9,F9_Pro414Thr,2025_01_Batch_13-14,FALSE,0.527391972,1_Pathogenic,,
BAP1,BAP1_Ser596Gly,2025_01_Batch_13-14,FALSE,0.523003017,2_Benign,,
HBD,HBD_Leu76Val,2024_01_Batch_7-8,FALSE,0.514590164,1_Pathogenic,,
UBQLN2,UBQLN2_Pro509Ser,2024_01_Batch_7-8,FALSE,0.512172725,4_VUS,,
KRT2,KRT2_Gly219Asp,2024_01_Batch_7-8,FALSE,0.510779828,2_Benign,,
SNIP1,SNIP1_Ala174Val,2024_01_Batch_7-8,FALSE,0.509446301,2_Benign,,
AIPL1,AIPL1_Thr114Ile,2024_01_Batch_7-8,FALSE,0.501035047,2_Benign,,
POMT1,POMT1_Trp560Cys,2024_01_Batch_7-8,,,4_VUS,,
HBD,HBD_Val99Met,2024_01_Batch_7-8,,,5_Others,,
NMNAT1,NMNAT1_Arg237Leu,2024_01_Batch_7-8,,,1_Pathogenic,,
HBD,HBD_Gly26Asp,2024_01_Batch_7-8,,,5_Others,,
TH,TH_Pro121Leu,2024_01_Batch_7-8,,,3_Conflicting,,
IL36RN,IL36RN_Ser113Leu,2025_03_Batch_15-16,,,3_Conflicting,,
DIABLO,DIABLO_Ser126Leu,2024_01_Batch_7-8,,,3_Conflicting,,
EIF2B4,EIF2B4_Ala228Val,2024_01_Batch_7-8,,,1_Pathogenic,,
COMP,COMP_Ala171Thr,2024_01_Batch_7-8,,,2_Benign,,
FBP1,FBP1_Pro284Arg,2024_01_Batch_7-8,,,1_Pathogenic,,