variant,feature
AMPD2_Gln190Ter,Nuclei_Correlation_K_Protein_AGP
AMPD2_Gln190Ter,Nuclei_Intensity_LowerQuartileIntensity_AGP
AMPD2_Gln190Ter,Nuclei_Correlation_RWC_AGP_Protein
AMPD2_Gln190Ter,Cells_Correlation_Correlation_DNA_Protein
AMPD2_Gln190Ter,Cytoplasm_Correlation_RWC_AGP_Protein
STUB1_Gln196Ter,Cytoplasm_Texture_SumAverage_Protein_10_00_256
STUB1_Gln196Ter,Cells_Texture_SumAverage_Protein_20_03_256
STUB1_Gln196Ter,Cytoplasm_Texture_Correlation_Protein_20_01_256
STUB1_Gln196Ter,Cytoplasm_RadialDistribution_RadialCV_Protein_9of10
STUB1_Gln196Ter,Cytoplasm_Texture_AngularSecondMoment_Protein_20_02_256
THRA_Ser45Ile,Cells_RadialDistribution_RadialCV_Protein_10of10
THRA_Ser45Ile,Nuclei_Texture_SumAverage_Protein_5_00_256
THRA_Ser45Ile,Cells_Correlation_Correlation_DNA_Protein
THRA_Ser45Ile,Cytoplasm_Granularity_1_AGP
THRA_Ser45Ile,Cells_RadialDistribution_MeanFrac_Protein_10of10
FBXW11_Arg481Pro,Nuclei_Intensity_LowerQuartileIntensity_AGP
FBXW11_Arg481Pro,Nuclei_Correlation_K_Protein_AGP
FBXW11_Arg481Pro,Nuclei_Correlation_Correlation_DNA_Protein
FBXW11_Arg481Pro,Nuclei_Intensity_MinIntensity_AGP
FBXW11_Arg481Pro,Nuclei_RadialDistribution_MeanFrac_Protein_10of10
LHX4_Arg259Ter,Cells_Correlation_RWC_Protein_DNA
LHX4_Arg259Ter,Cells_RadialDistribution_RadialCV_Protein_10of10
LHX4_Arg259Ter,Nuclei_RadialDistribution_MeanFrac_Protein_10of10
LHX4_Arg259Ter,Cytoplasm_RadialDistribution_RadialCV_Protein_9of10
LHX4_Arg259Ter,Cytoplasm_Granularity_1_Protein
TCAP_Arg33Trp,Cells_RadialDistribution_RadialCV_Protein_10of10
TCAP_Arg33Trp,Cells_Intensity_MinIntensityEdge_AGP
TCAP_Arg33Trp,Nuclei_Correlation_K_Protein_AGP
TCAP_Arg33Trp,Cytoplasm_Texture_SumAverage_Protein_10_00_256
TCAP_Arg33Trp,Nuclei_Texture_InverseDifferenceMoment_Protein_5_01_256
ECEL1_Arg544Cys,Nuclei_Correlation_K_Protein_AGP
ECEL1_Arg544Cys,Nuclei_Intensity_LowerQuartileIntensity_AGP
ECEL1_Arg544Cys,Cytoplasm_Intensity_MinIntensityEdge_AGP
ECEL1_Arg544Cys,Nuclei_Intensity_MinIntensity_AGP
ECEL1_Arg544Cys,Cells_Correlation_Manders_Protein_AGP
ACTC1_Met315Lys,Cytoplasm_Texture_SumAverage_Protein_10_00_256
ACTC1_Met315Lys,Cells_Texture_SumAverage_Protein_20_03_256
ACTC1_Met315Lys,Cells_Texture_Correlation_Protein_20_02_256
ACTC1_Met315Lys,Cytoplasm_Texture_AngularSecondMoment_Protein_20_02_256
ACTC1_Met315Lys,Nuclei_Correlation_RWC_AGP_Protein
PNKP_Gly375Trp,Nuclei_RadialDistribution_MeanFrac_Protein_10of10
PNKP_Gly375Trp,Nuclei_Correlation_Correlation_DNA_Protein
PNKP_Gly375Trp,Nuclei_Correlation_Correlation_AGP_Protein
PNKP_Gly375Trp,Nuclei_Intensity_MinIntensity_AGP
PNKP_Gly375Trp,Nuclei_Correlation_RWC_AGP_Protein
COQ8A_Tyr514Cys,Nuclei_Intensity_MinIntensity_DNA
COQ8A_Tyr514Cys,Cells_Texture_SumAverage_AGP_20_03_256
COQ8A_Tyr514Cys,Cells_Correlation_Correlation_DNA_Protein
COQ8A_Tyr514Cys,Nuclei_Correlation_Overlap_DNA_Protein
COQ8A_Tyr514Cys,Nuclei_Intensity_LowerQuartileIntensity_AGP
CSNK2A1_Glu81Ala,Nuclei_Intensity_LowerQuartileIntensity_AGP
CSNK2A1_Glu81Ala,Nuclei_Intensity_MinIntensity_DNA
CSNK2A1_Glu81Ala,Nuclei_Intensity_MinIntensity_AGP
CSNK2A1_Glu81Ala,Cytoplasm_Granularity_1_Protein
CSNK2A1_Glu81Ala,Nuclei_Correlation_Overlap_AGP_Protein
COQ8A_Arg299Trp,Cytoplasm_Intensity_MinIntensityEdge_Protein
COQ8A_Arg299Trp,Nuclei_Correlation_Correlation_AGP_Protein
COQ8A_Arg299Trp,Nuclei_Intensity_LowerQuartileIntensity_AGP
COQ8A_Arg299Trp,Nuclei_RadialDistribution_RadialCV_Protein_10of10
COQ8A_Arg299Trp,Cytoplasm_Texture_SumAverage_Protein_10_00_256
CSNK2A1_Arg312Gln,Nuclei_Correlation_Overlap_AGP_Protein
CSNK2A1_Arg312Gln,Nuclei_Intensity_LowerQuartileIntensity_AGP
CSNK2A1_Arg312Gln,Cells_Correlation_Correlation_AGP_Protein
CSNK2A1_Arg312Gln,Nuclei_Correlation_K_Protein_AGP
CSNK2A1_Arg312Gln,Nuclei_Correlation_Overlap_AGP_DNA
COQ8A_Arg187Cys,Nuclei_RadialDistribution_MeanFrac_Protein_10of10
COQ8A_Arg187Cys,Cells_Correlation_Correlation_DNA_Protein
COQ8A_Arg187Cys,Nuclei_RadialDistribution_MeanFrac_Protein_9of10
COQ8A_Arg187Cys,Nuclei_RadialDistribution_MeanFrac_Protein_7of10
COQ8A_Arg187Cys,Cytoplasm_Texture_SumAverage_Protein_10_00_256
CSNK2A1_Gln391Arg,Nuclei_Correlation_Overlap_AGP_Protein
CSNK2A1_Gln391Arg,Nuclei_Intensity_LowerQuartileIntensity_AGP
CSNK2A1_Gln391Arg,Nuclei_RadialDistribution_MeanFrac_Protein_10of10
CSNK2A1_Gln391Arg,Nuclei_Correlation_Overlap_AGP_DNA
CSNK2A1_Gln391Arg,Nuclei_Texture_SumAverage_Protein_5_00_256
CALM3_Glu141Gly,Cytoplasm_Texture_SumAverage_Protein_10_00_256
CALM3_Glu141Gly,Cells_Texture_SumAverage_Protein_20_03_256
CALM3_Glu141Gly,Nuclei_Texture_SumAverage_Protein_5_00_256
CALM3_Glu141Gly,Cytoplasm_Texture_AngularSecondMoment_Protein_20_02_256
CALM3_Glu141Gly,Nuclei_Correlation_K_Protein_DNA
COQ8A_Phe508Ser,Nuclei_Correlation_Overlap_DNA_Protein
COQ8A_Phe508Ser,Nuclei_RadialDistribution_MeanFrac_Protein_10of10
COQ8A_Phe508Ser,Cells_Correlation_Correlation_DNA_Protein
COQ8A_Phe508Ser,Nuclei_Correlation_Overlap_AGP_Protein
COQ8A_Phe508Ser,Nuclei_Intensity_LowerQuartileIntensity_AGP
CALM2_Asp96Val,Nuclei_Intensity_LowerQuartileIntensity_AGP
CALM2_Asp96Val,Nuclei_Intensity_MinIntensity_DNA
CALM2_Asp96Val,Nuclei_Correlation_K_Protein_AGP
CALM2_Asp96Val,Nuclei_Texture_SumAverage_Protein_5_00_256
CALM2_Asp96Val,Cytoplasm_Correlation_Manders_Protein_DNA
COQ8A_Gly272Asp,Nuclei_RadialDistribution_MeanFrac_Protein_10of10
COQ8A_Gly272Asp,Cells_Correlation_Correlation_DNA_Protein
COQ8A_Gly272Asp,Nuclei_RadialDistribution_MeanFrac_Protein_9of10
COQ8A_Gly272Asp,Cytoplasm_Texture_AngularSecondMoment_Protein_20_02_256
COQ8A_Gly272Asp,Cytoplasm_Texture_SumAverage_Protein_10_00_256
COQ8A_His85Gln,Nuclei_Correlation_Correlation_AGP_Protein
COQ8A_His85Gln,Cytoplasm_Intensity_MinIntensityEdge_Protein
COQ8A_His85Gln,Cells_Correlation_Correlation_DNA_Protein
COQ8A_His85Gln,Cells_Texture_SumVariance_AGP_10_00_256
COQ8A_His85Gln,Nuclei_Correlation_Overlap_AGP_Protein
COQ8A_Gly129Arg,Cytoplasm_Intensity_MinIntensityEdge_Protein
COQ8A_Gly129Arg,Nuclei_Correlation_Correlation_AGP_Protein
COQ8A_Gly129Arg,Cells_Correlation_Correlation_DNA_Protein
COQ8A_Gly129Arg,Nuclei_RadialDistribution_RadialCV_Protein_10of10
COQ8A_Gly129Arg,Cells_RadialDistribution_MeanFrac_Protein_10of10
DPPA2_Cys146Tyr,Nuclei_Intensity_LowerQuartileIntensity_AGP
DPPA2_Cys146Tyr,Nuclei_Correlation_Correlation_AGP_Protein
DPPA2_Cys146Tyr,Nuclei_Correlation_K_Protein_AGP
DPPA2_Cys146Tyr,Nuclei_Correlation_Overlap_AGP_Protein
DPPA2_Cys146Tyr,Nuclei_RadialDistribution_MeanFrac_Protein_10of10
CALM2_Asp130Asn,Nuclei_Intensity_LowerQuartileIntensity_AGP
CALM2_Asp130Asn,Nuclei_Correlation_K_Protein_AGP
CALM2_Asp130Asn,Nuclei_Intensity_MinIntensity_DNA
CALM2_Asp130Asn,Cytoplasm_Correlation_Manders_Protein_DNA
CALM2_Asp130Asn,Nuclei_Texture_SumAverage_Protein_5_00_256
CALM2_Asp134His,Nuclei_Intensity_LowerQuartileIntensity_AGP
CALM2_Asp134His,Nuclei_Correlation_Overlap_AGP_Protein
CALM2_Asp134His,Nuclei_Correlation_K_Protein_AGP
CALM2_Asp134His,Nuclei_Intensity_MinIntensity_DNA
CALM2_Asp134His,Cytoplasm_Granularity_1_Protein
TPK1_Phe132Ser,Nuclei_Intensity_LowerQuartileIntensity_AGP
TPK1_Phe132Ser,Nuclei_Correlation_Overlap_AGP_Protein
TPK1_Phe132Ser,Cells_Correlation_Manders_Protein_AGP
TPK1_Phe132Ser,Nuclei_Correlation_K_Protein_AGP
TPK1_Phe132Ser,Nuclei_Texture_SumAverage_Protein_5_00_256
COQ8A_Gly549Ser,Nuclei_Correlation_Overlap_DNA_Protein
COQ8A_Gly549Ser,Nuclei_Intensity_LowerQuartileIntensity_AGP
COQ8A_Gly549Ser,Nuclei_Correlation_Overlap_AGP_Protein
COQ8A_Gly549Ser,Cells_Correlation_Correlation_DNA_Protein
COQ8A_Gly549Ser,Nuclei_Intensity_MinIntensity_AGP
COQ8A_Asp166Gly,Nuclei_Correlation_Correlation_AGP_Protein
COQ8A_Asp166Gly,Cytoplasm_Intensity_MinIntensityEdge_Protein
COQ8A_Asp166Gly,Nuclei_Correlation_K_Protein_DNA
COQ8A_Asp166Gly,Nuclei_Correlation_K_Protein_AGP
COQ8A_Asp166Gly,Cells_RadialDistribution_MeanFrac_Protein_10of10
CALM2_Asp134Asn,Nuclei_Intensity_LowerQuartileIntensity_AGP
CALM2_Asp134Asn,Nuclei_Intensity_MinIntensity_DNA
CALM2_Asp134Asn,Nuclei_Correlation_K_Protein_AGP
CALM2_Asp134Asn,Cells_Correlation_Manders_Protein_AGP
CALM2_Asp134Asn,Cytoplasm_Correlation_Manders_Protein_DNA
COQ8A_Glu585Gln,Nuclei_Correlation_Overlap_DNA_Protein
COQ8A_Glu585Gln,Nuclei_Correlation_Overlap_AGP_Protein
COQ8A_Glu585Gln,Nuclei_Intensity_LowerQuartileIntensity_AGP
COQ8A_Glu585Gln,Cells_Correlation_Correlation_AGP_DNA
COQ8A_Glu585Gln,Cells_Correlation_Correlation_DNA_Protein
COQ8A_Asn465His,Cytoplasm_Intensity_MinIntensityEdge_Protein
COQ8A_Asn465His,Nuclei_Correlation_K_Protein_DNA
COQ8A_Asn465His,Nuclei_Correlation_Correlation_AGP_Protein
COQ8A_Asn465His,Cytoplasm_Texture_SumAverage_Protein_10_00_256
COQ8A_Asn465His,Cells_RadialDistribution_RadialCV_Protein_10of10
COQ8A_Leu459Pro,Nuclei_Correlation_K_Protein_DNA
COQ8A_Leu459Pro,Nuclei_RadialDistribution_RadialCV_Protein_10of10
COQ8A_Leu459Pro,Nuclei_Correlation_Overlap_AGP_Protein
COQ8A_Leu459Pro,Cytoplasm_Intensity_MinIntensityEdge_Protein
COQ8A_Leu459Pro,Cells_Texture_SumAverage_Protein_20_03_256
PNKP_Cys409Arg,Nuclei_RadialDistribution_MeanFrac_Protein_10of10
PNKP_Cys409Arg,Nuclei_RadialDistribution_MeanFrac_AGP_7of10
PNKP_Cys409Arg,Nuclei_Correlation_Overlap_AGP_Protein
PNKP_Cys409Arg,Nuclei_RadialDistribution_MeanFrac_AGP_10of10
PNKP_Cys409Arg,Cells_Correlation_Correlation_DNA_Protein
CSNK2A1_Ala389Thr,Nuclei_Correlation_Overlap_AGP_Protein
CSNK2A1_Ala389Thr,Nuclei_Intensity_LowerQuartileIntensity_AGP
CSNK2A1_Ala389Thr,Nuclei_RadialDistribution_MeanFrac_Protein_10of10
CSNK2A1_Ala389Thr,Nuclei_Correlation_Overlap_AGP_DNA
CSNK2A1_Ala389Thr,Cells_Intensity_MinIntensityEdge_AGP
THRA_Ile170Val,Cytoplasm_Intensity_MinIntensityEdge_Protein
THRA_Ile170Val,Cells_Correlation_RWC_Protein_DNA
THRA_Ile170Val,Nuclei_Correlation_K_Protein_AGP
THRA_Ile170Val,Nuclei_RadialDistribution_MeanFrac_Protein_10of10
THRA_Ile170Val,Nuclei_Correlation_RWC_AGP_Protein
COQ8A_Gln343Arg,Cytoplasm_Intensity_MinIntensityEdge_Protein
COQ8A_Gln343Arg,Nuclei_Intensity_LowerQuartileIntensity_AGP
COQ8A_Gln343Arg,Nuclei_RadialDistribution_RadialCV_Protein_10of10
COQ8A_Gln343Arg,Nuclei_Correlation_Correlation_AGP_Protein
COQ8A_Gln343Arg,Nuclei_Correlation_Overlap_AGP_Protein
CSNK2A1_Gly177Ser,Nuclei_Correlation_Overlap_AGP_Protein
CSNK2A1_Gly177Ser,Nuclei_Intensity_LowerQuartileIntensity_AGP
CSNK2A1_Gly177Ser,Nuclei_Correlation_Overlap_AGP_DNA
CSNK2A1_Gly177Ser,Cells_Correlation_Correlation_AGP_Protein
CSNK2A1_Gly177Ser,Cells_Correlation_Manders_Protein_AGP
DPF2_Val317Gly,Nuclei_Correlation_K_Protein_AGP
DPF2_Val317Gly,Nuclei_Correlation_RWC_AGP_Protein
DPF2_Val317Gly,Nuclei_Intensity_LowerQuartileIntensity_AGP
DPF2_Val317Gly,Nuclei_RadialDistribution_MeanFrac_Protein_10of10
DPF2_Val317Gly,Cells_Correlation_RWC_DNA_Protein
